420979ad2283ba970e00000000000000,0.6532011600000003,0.6212541362000001,0.3210809162000001
6b6b7fac2283ba970f00000000000000,0.6532533515118971,0.6213514186898134,0.3216306078967208
4cb526ae2283ba975f01000000000000,0.6522037728287449,0.6221634756617044,0.3323321115773753
61c7b6a82283ba970402000000000000,0.6526447953902421,0.6256151848527353,0.3504808065611089
5e5aa9aa2283ba97a202000000000000,0.6492774857975492,0.6216207930257852,0.3668607320055632
d0afcfb52283ba972703000000000000,0.6447257786616948,0.6154550499765438,0.3994802478728776
a82375b62283ba97dc03000000000000,0.6361181394225082,0.6059272836368295,0.4664280207086672
de6fcab12283ba970c04000000000000,0.6274394658915607,0.5949362704892313,0.5460309569799092
5eb9fdb32283ba979204000000000000,0.6202950102528896,0.5843801265784914,0.6294005842590090
15fe52bd2283ba97d204000000000000,0.6156739883828978,0.5738395086876189,0.7097481691548404
fca61dbf2283ba975005000000000000,0.6143216813852322,0.5684220388724207,0.7762727716673909
b62cb5be2283ba970e06000000000000,0.6189166890954469,0.5742228795606653,0.7891602416964415
40bfd7b92283ba972f06000000000000,0.6201667499353466,0.5777166189474073,0.7425125248945014
13705ebb2283ba977f06000000000000,0.6263250880034406,0.5871568367957799,0.6776284753152959
f16af3852283ba97c807000000000000,0.6366393770103780,0.5982579235774237,0.5961289134838074
0abc21872283ba97a508000000000000,0.6490634030305691,0.6113507232141878,0.5067130736436743
33eb21812283ba974009000000000000,0.6564104776969801,0.6176807097054302,0.4543520249836807
d0448f802283ba97fc09000000000000,0.6534801249976767,0.6115826929257271,0.5060014725404463
e34a4f822283ba97510a000000000000,0.6481487808888041,0.5987792591881154,0.6132767561872613
7f90448c2283ba97430b000000000000,0.6407726826822291,0.5838673545993474,0.7134628733985822
57b7308e2283ba97a00b000000000000,0.6373238242740570,0.5633813334198488,0.7540240678781016
ff07de8e2283ba97d90b000000000000,0.6381259005065240,0.5718775384983491,0.7371980394195483
13b8338b2283ba97750c000000000000,0.6413769260977337,0.6225978941714578,0.6964032556801200
f4272d942283ba97170d000000000000,0.6603268293287499,0.7065688730378864,0.6566011058211192
c03ab6972283ba97a10d000000000000,0.6973338350708830,0.7946794165857964,0.6256525443696807
14b260912283ba977a0e000000000000,0.7289899231280609,0.8638506735523782,0.5948598008194067
5ffcf9902283ba97cf0e000000000000,0.7072122193966682,0.8737759732504927,0.5771333816950240
094317922283ba97730f000000000000,0.6408847272829531,0.8334557967115735,0.5751997318903003
f545989d2283ba97ea0f000000000000,0.5635311219818681,0.7645038931490026,0.5694807379754873
756b7b9f2283ba975f10000000000000,0.5085270749025959,0.6811005188192140,0.5661823388932525
9fed14992283ba975711000000000000,0.4737488277255746,0.5919414502182482,0.5733027861214618
f5a55c982283ba97ba11000000000000,0.4548602554398277,0.5220330746702980,0.5757826619514107
7c51039a2283ba978c12000000000000,0.4572628976497577,0.4948245976325228,0.5591553755973818
93e6c8e52283ba979513000000000000,0.4829972015727012,0.5198025064953128,0.5402648795358971
1f6cb6e72283ba97ff13000000000000,0.5158708319378400,0.5816552556201612,0.5405516928637443
7cbfd3e62283ba978514000000000000,0.5626542314294354,0.6463617356099832,0.5406016771808025
49c277e02283ba970f15000000000000,0.6141561633898069,0.7092426085106666,0.5738328031667413
f00f3ee22283ba97a415000000000000,0.6725152313707404,0.7897162826267761,0.5998161360702786
0dcc70ed2283ba974116000000000000,0.7196076459315860,0.8457692284564513,0.5922149542767876
5f1158ec2283ba97a816000000000000,0.7218786322604223,0.8325297155726028,0.6059532049108831
0f6d35ee2283ba976917000000000000,0.6936574700581268,0.7662219684341658,0.6248020268262677
bef7d1e92283ba970218000000000000,0.6611879476348919,0.6901134187346880,0.5926107170079149
01e2bbeb2283ba970919000000000000,0.6441367813233029,0.6326982296077727,0.5154453974963081
53bc5af42283ba97531a000000000000,0.6411536595951747,0.6016379578912131,0.4349580086413138
aff33ff62283ba971b1b000000000000,0.6407564489966745,0.5893354410054308,0.3757827493809850
330177f02283ba97ab1b000000000000,0.6447205017499482,0.5850467956283668,0.3403732870366117
2cd644f22283ba97481c000000000000,0.6456021379253717,0.5819362733480521,0.3233439275064470
a2b6e8fd2283ba978e1c000000000000,0.6467660600000945,0.5832434255248345,0.3192894466801799
5fd93eff2283ba97b71c000000000000,0.6488139435464381,0.5829775716339893,0.3189727789038879
69864efe2283ba97791d000000000000,0.6490816770195340,0.5828027409242660,0.3185949445149075
73bc13f82283ba97ed1d000000000000,0.6489936636094655,0.5824467137472705,0.3185433637449721
7ba9e7f82283ba97ef1d000000000000,0.6490312227608892,0.5825149208573234,0.3186430647567617
345964fa2283ba97a71e000000000000,0.6489933619734660,0.5825623306694356,0.3187006543307073
97a0e8c52283ba972d1f000000000000,0.6489977423705245,0.5825447233274100,0.3187465744285988
ae207fc72283ba97e61f000000000000,0.6490094213206562,0.5825028179776387,0.3186531774533148
8ebda5c62283ba979b20000000000000,0.6490031712066604,0.5825021874874208,0.3186357842075895
7483aac02283ba971f22000000000000,0.6490518431716351,0.5825048798444644,0.3187174262025080
ac284ac32283ba979d22000000000000,0.6490395255803439,0.5825419958281777,0.3187621866191949
287c0dc22283ba979223000000000000,0.6490221964486287,0.5825172021838373,0.3186478923040926
39f953cd2283ba97ad23000000000000,0.6490564220059101,0.5824457634922742,0.3186383584580088
b82982cc2283ba977624000000000000,0.6490916208029853,0.5824864892058584,0.3186091123299053
f13dcecf2283ba978c24000000000000,0.6490230867829349,0.5825075730862296,0.3187023657511533
091f0ac92283ba979624000000000000,0.6489588541091565,0.5824815807898408,0.3186894233121566
79c96fc82283ba972325000000000000,0.6489893418917202,0.5824964223483000,0.3186447571502085
a29899cb2283ba97cb25000000000000,0.6491888699632468,0.5824757365574992,0.3185942768606805
9756c4ca2283ba973a26000000000000,0.6492154688413487,0.5824511356083275,0.3186154491494232
59aa7cd42283ba97f726000000000000,0.6491900888435148,0.5824418364553416,0.3186196174408696
e14248d72283ba975a27000000000000,0.6491485444552331,0.5825002043694015,0.3186307611887854
1ecc82d62283ba978327000000000000,0.6490230308447178,0.5826928060753268,0.3187439568304939
91cb3ad02283ba972928000000000000,0.6488549972492001,0.5822681603327307,0.3186671646813271
a74509d32283ba97fa28000000000000,0.6492896568944827,0.5822954620944171,0.3185091801356588
7462bed22283ba977d29000000000000,0.6490974025837114,0.5825489578470644,0.3186196007093234
70a295dd2283ba97032a000000000000,0.6491950490626266,0.5824195904685719,0.3186280132152621
e63dfadc2283ba97d82a000000000000,0.6492890217801207,0.5823584363379132,0.3184591756216432
8603dbdf2283ba972e2b000000000000,0.6492379207829168,0.5824831334609364,0.3184915261627679
6532f626dd7c4568e72b000000000000,0.6492062402893451,0.5824325888072268,0.3185241183228901
64afa821dd7c4568702c000000000000,0.6491721892103189,0.5824029998040052,0.3185794538443156
f539b220dd7c4568e12c000000000000,0.6493265543666018,0.5823997819423088,0.3185506046635017
72081023dd7c45681d2d000000000000,0.6492552517041665,0.5823335326970295,0.3184556566772312
72b98823dd7c4568ae2d000000000000,0.6490614425030349,0.5822812247698009,0.3186439039099019
a0ce0d22dd7c4568602e000000000000,0.6492614109973971,0.5823406242451017,0.3185679956844942
946f8422dd7c4568a42e000000000000,0.6493913014949408,0.5823992785027556,0.3183233216060387
f0f3122ddd7c4568cc2e000000000000,0.6492426716531881,0.5823747825118464,0.3182767795209320
9bf79c2ddd7c4568fa2e000000000000,0.6492570708359274,0.5823661471148223,0.3183821262057562
2ca2e92cdd7c4568702f000000000000,0.6494464135132734,0.5823644432157072,0.3185115769305938
57c0582edd7c4568cf2f000000000000,0.6492881321454909,0.5822070394276285,0.3185017254438602
900b1428dd7c45688c30000000000000,0.6492515948478829,0.5821819615506488,0.3184910430571425
cfc8862bdd7c4568df30000000000000,0.6493809178910052,0.5822949370557233,0.3184768656340364
73461c35dd7c45682e31000000000000,0.6493729730758735,0.5822983976434105,0.3185993486036459
9d4f6b34dd7c45686931000000000000,0.6491029811170713,0.5823318994748915,0.3188678530531363
00249937dd7c45680a32000000000000,0.6493756154787599,0.5821803910408421,0.3183214353813001
cc689636dd7c45688232000000000000,0.6492728636456095,0.5819120686401641,0.3182534560809169
2386e831dd7c45680a33000000000000,0.6487728423170922,0.5822556082500659,0.3185290372110713
3eeb2133dd7c45683133000000000000,0.6500912014029304,0.5823985954422916,0.3187558184661762
18f87232dd7c45688b33000000000000,0.6495876142552243,0.5821595291415368,0.3184150950977323
639ef53cdd7c45686c35000000000000,0.6430058768994975,0.5844161437530070,0.3207529459129964
15a15d39dd7c45682037000000000000,0.6226852658383576,0.5883911217436201,0.3457375408245167
60b64d38dd7c45684937000000000000,0.5977669062035765,0.5901123158317177,0.4135063221921412
01c6d03bdd7c45686f37000000000000,0.5755861887185487,0.5877951199438920,0.5037076200250203
dd7e0d05dd7c4568cc37000000000000,0.5564204456963101,0.5896263220892173,0.5143706129456113
bedff304dd7c45685238000000000000,0.5268759035641122,0.5900697360551816,0.5147916576642279
ee17af06dd7c45680439000000000000,0.4829937550162438,0.5849857240805912,0.5601629334802793
81792100dd7c4568bf39000000000000,0.4275569730679196,0.5755416973063038,0.6307539837654709
1b746103dd7c4568153a000000000000,0.3714879889575942,0.5639431986187672,0.6893620253377656
cfe5a702dd7c4568653a000000000000,0.3179657517753379,0.5511354741632647,0.7249875540495825
88237f0cdd7c4568da3a000000000000,0.2662891149262323,0.5366632993579749,0.7389739932768171
e779940fdd7c45684e3b000000000000,0.2186871868401905,0.5214947990290328,0.7328811154419514
16b02e09dd7c4568ed3b000000000000,0.1725407378938736,0.4977466308476039,0.7019713379976281
2a83d008dd7c4568a63c000000000000,0.1227917743063844,0.4533879508405219,0.6585123156073019
f173580add7c4568173d000000000000,0.0585056249612366,0.3930668571036343,0.6448380207676224
7a4b9f15dd7c4568973d000000000000,-0.0271778915330002,0.3270922377982492,0.6605947726119390
95203517dd7c4568293e000000000000,-0.1229380172101282,0.2546832636503010,0.6683049793380397
c63b9816dd7c45680c3f000000000000,-0.2214738776464542,0.1710820485449427,0.6509303342839926
44190010dd7c4568db3f000000000000,-0.3200547791082932,0.0755451242738344,0.6273958502564752
70628713dd7c45688d40000000000000,-0.4183030762873483,-0.0278192892519060,0.6245700440355081
d3b80b1ddd7c45680641000000000000,-0.5160630954902808,-0.1377631507811833,0.6514734719030192
4ebf991cdd7c45687541000000000000,-0.6159628849177776,-0.2551354534474876,0.6929754307376771
31cfb01edd7c45681542000000000000,-0.7149159495581369,-0.3777406164439573,0.7152225512670267
8fda5618dd7c45689b42000000000000,-0.8134280667382259,-0.5076675692384279,0.7073815389475405
26b9d21bdd7c45683543000000000000,-0.9102931281804535,-0.6509904513916974,0.6786831848902046
1439fd65dd7c4568c943000000000000,-1.0131688166874535,-0.8119169033394265,0.6687425773298726
f2e97167dd7c45685044000000000000,-1.1166345496528525,-0.9800740201501832,0.6865356611561322
d157e361dd7c4568f744000000000000,-1.2224883277925997,-1.1493027782321865,0.7085536726763516
cdf3ec60dd7c4568b345000000000000,-1.3333748085433470,-1.3206035416568516,0.7152534453747680
50945262dd7c45688846000000000000,-1.4520400760915095,-1.5061203632401361,0.7374416244049907
be56d46ddd7c45684447000000000000,-1.5748458638911946,-1.7085717181057194,0.7540740811560004
e95d6a6fdd7c4568d547000000000000,-1.6965480916886528,-1.9178704129425650,0.7466280693393760
969cbc69dd7c45685848000000000000,-1.8109768685527354,-2.1292411792121930,0.7191209632705751
eeb8f96bdd7c45681a49000000000000,-1.9095668683770970,-2.3403019672533469,0.6763921027622180
cf7d2f75dd7c4568ad49000000000000,-1.9821021625028659,-2.5482822777579339,0.6395800032178756
61a24c74dd7c45685a4a000000000000,-2.0348123861732188,-2.7550909848973468,0.6303405781095373
9131c877dd7c4568034b000000000000,-2.0716010962624840,-2.9696960452833032,0.6525188334281666
5d9bbf71dd7c4568bd4b000000000000,-2.0910526419959248,-3.1898408819028132,0.6764528460444061
c1721873dd7c4568954c000000000000,-2.0897138555882666,-3.4101662922256204,0.6772469131587804
6f7efa72dd7c4568894d000000000000,-2.0607798394101855,-3.6277340124636206,0.6553158212858626
c4f9787cdd7c45687e4e000000000000,-2.0061403432939309,-3.8319501997432024,0.6160393216463550
a3c5857fdd7c4568454f000000000000,-1.9314360582912271,-4.0192239928152036,0.5845581326078572
e5a12779dd7c4568e94f000000000000,-1.8552404354093552,-4.2002153090122443,0.5863473258582190
33c35878dd7c45687450000000000000,-1.7882838261737233,-4.3785421009903125,0.5888707200447746
37235c7bdd7c4568f050000000000000,-1.7343063462259118,-4.5580789193416242,0.5679925522220021
9adc3445dd7c45685451000000000000,-1.6944816292490426,-4.7451697812277498,0.5270697619054997
8469ad44dd7c45681e52000000000000,-1.6691214343984004,-4.9391424521776974,0.4922635852224865
a5de1446dd7c4568ab52000000000000,-1.6621827418124164,-5.1487137147982294,0.4816212676785757
92b7d041dd7c45684c53000000000000,-1.6683326510691128,-5.3748295680859668,0.4832717186746370
46865843dd7c45684c54000000000000,-1.6755538490362045,-5.6113649294293628,0.4670230358542024
370a8542dd7c45682055000000000000,-1.6756101270526309,-5.8528623982104699,0.4619828850176891
1140514cdd7c4568e255000000000000,-1.6679865801395979,-6.0937853287669226,0.4767230192266886
9aa8644fdd7c45689156000000000000,-1.6624526002893101,-6.3285631024998192,0.4743345645471100
3699b34edd7c45682f57000000000000,-1.6632550997838043,-6.5573801036017310,0.4549376124238273
d0edfd49dd7c4568b657000000000000,-1.6610658874669204,-6.7797456257484416,0.4228974807498321
1c7ccf48dd7c45682358000000000000,-1.6512296795534838,-6.9978383719008326,0.3956619386797322
3283534add7c4568ba58000000000000,-1.6453742459390444,-7.2190037511726022,0.3982212450040611
4fd0f154dd7c45684859000000000000,-1.6463416359469614,-7.4531904296805127,0.4036402008930552
81ad3756dd7c4568525a000000000000,-1.6586552163437092,-7.7073990176635414,0.3980332453446571
18ccbc51dd7c4568385b000000000000,-1.6849719621858721,-7.9495505497637442,0.4091533592456217
b66f2253dd7c4568055c000000000000,-1.7433396992510986,-8.1579648836824035,0.4512843941974926
fcfe135ddd7c4568a45c000000000000,-1.8219311625045065,-8.3198166069288710,0.5291143425941321
e8d14a5cdd7c4568615d000000000000,-1.9043177432761302,-8.4520945228368802,0.6399092618227895
8aeea05edd7c4568d75d000000000000,-1.9890744813397987,-8.5772117330577178,0.7726911425252724
6d644258dd7c4568575e000000000000,-2.0737547944276735,-8.7094319438292036,0.8899987162516974
428ccc5bdd7c4568025f000000000000,-2.1618911060781301,-8.8503642175058435,0.9934810115831214
46c2e3a52283ba97f15f000000000000,-2.2629426965729862,-8.9785572349635974,1.0838869881105060
b19751a72283ba978d60000000000000,-2.3747186539901182,-9.0820171371814133,1.1619808549186503
61a231a12283ba97cb61000000000000,-2.4884265020618015,-9.1675423055586300,1.2342750816616266
20ee8ba02283ba979762000000000000,-2.6030345968081146,-9.2471630603328414,1.2889276865967778
09c6c9a32283ba979f63000000000000,-2.7274344276086495,-9.3273145863959126,1.3230981724451543
f2bb41ad2283ba973164000000000000,-2.8626850286972356,-9.4029766703966136,1.3464783171302825
35fc2eaf2283ba97a564000000000000,-3.0080526338046716,-9.4747334408752799,1.3886701101243768
896723ae2283ba977165000000000000,-3.1698925775918410,-9.5404714189118653,1.4202262089380073
0ba75ba92283ba971d66000000000000,-3.3484711812415933,-9.5985113529775319,1.4545068657638709
78f1faa82283ba970667000000000000,-3.5400841084335517,-9.6535713410569528,1.5178148553945170
0396a5b52283ba974568000000000000,-3.7460025833614425,-9.7020331496245014,1.5984234389069192
5a02d4b42283ba97d768000000000000,-3.9603712621715390,-9.7289339376616368,1.6248878580043078
f58de5b72283ba97486a000000000000,-4.1774122125883073,-9.7366903516341683,1.6217364284656852
8887e1b62283ba97eb6a000000000000,-4.3877286973262652,-9.7320524620157887,1.6328814459884089
7171f7b02283ba97bd6b000000000000,-4.5932110786998743,-9.7220579590778939,1.6778338702784761
9d7ce8b32283ba973c6c000000000000,-4.7955209365837979,-9.7050728610276362,1.7503039160020952
a08682bd2283ba97076d000000000000,-5.0027097307056305,-9.6771626935014439,1.8390608661255095
f85649bf2283ba97a36d000000000000,-5.2133523683402023,-9.6297959095762735,1.9094708189213006
f03fe2be2283ba97346e000000000000,-5.4286049073995306,-9.5585195005987913,1.9622129771276959
d4b442b82283ba975c6f000000000000,-5.6490363770162073,-9.4606538472274302,2.0011050039795184
21c114ba2283ba975270000000000000,-5.8567280204563827,-9.3479503987703882,2.0240365734275141
113601842283ba972871000000000000,-6.0481581923591490,-9.2161848060619374,2.0251802083262644
7ae5c8872283ba97ef71000000000000,-6.2381734670020439,-9.0700293094032265,2.0124479603045700
ed46af812283ba97dd72000000000000,-6.4297994117325770,-8.9081450633152102,1.9874891984215055
405a2c832283ba97d173000000000000,-6.5999587882668873,-8.7238230554716569,1.9443547223477939
d0b9b1822283ba975f74000000000000,-6.7498559602591710,-8.5274234308645074,1.9225086904158606
831ebd8d2283ba97db74000000000000,-6.8943152903105593,-8.3390283498907518,1.9555282541871624
50073a8f2283ba97fb75000000000000,-7.0305490748645152,-8.1652949540485871,2.0558990217305242
09d0128e2283ba976876000000000000,-7.1521801821564628,-8.0000487257925776,2.1482506909757619
204abb892283ba977577000000000000,-7.2676875140532271,-7.8424598415503137,2.2052636110820689
b781fb882283ba97ef77000000000000,-7.3986971333939655,-7.6886873825671280,2.2386039267300903
f6e1388a2283ba971579000000000000,-7.5638239183671567,-7.5533697573873821,2.2916043954372496
ce458c952283ba97b879000000000000,-7.7546274210360346,-7.4443291405440153,2.3593738828859916
6cf910972283ba97137b000000000000,-7.9603221569109470,-7.3484504734031724,2.4052405985853116
933f39962283ba97f87b000000000000,-8.1818473345834963,-7.2489344529110253,2.4268194441995661
14d07f912283ba97e67c000000000000,-8.4228241203394223,-7.1372308714303916,2.4407213496027436
0f3e87902283ba97b17d000000000000,-8.6800700304105369,-7.0107449671864801,2.4764281090215894
d176fc922283ba97f57e000000000000,-8.9488555386999344,-6.8690402622658242,2.5397368276139285
09e83d9c2283ba979b7f000000000000,-9.2252294290944832,-6.7273785092371936,2.5869231113034550
aa0ffa9f2283ba974b80000000000000,-9.5032506112895714,-6.6022964163456130,2.6055410662943297
dd66bb992283ba97ef80000000000000,-9.7883052338256995,-6.5040452492773575,2.6013472196107768
56904e9b2283ba97ad81000000000000,-10.0727785473188689,-6.4244392608541183,2.5723589630057946
0da3b9e52283ba979182000000000000,-10.3564238306956966,-6.3386799251548123,2.5253294736124463
9e935de72283ba978a83000000000000,-10.6346408432460429,-6.2196071374779756,2.4951724534572945
57bb39e12283ba976784000000000000,-10.9019188674442002,-6.0722291070687033,2.4972312467464985
ef738be02283ba972f85000000000000,-11.1496358347807032,-5.9249369651657027,2.5291227522831408
d0f94fe22283ba97f885000000000000,-11.3629097760648641,-5.7836414807920962,2.5454772236746992
70f519ec2283ba979986000000000000,-11.5414201717747318,-5.6388517447652031,2.5381194600820027
eac3dcef2283ba97a487000000000000,-11.6950954742315485,-5.4828606846157477,2.5462158367950192
52e47de92283ba976588000000000000,-11.8143583939141195,-5.3094772019515002,2.5818429437663877
9da781e82283ba97ef88000000000000,-11.8968402480894309,-5.1186912988605213,2.6058160233687162
bd0a68ea2283ba977189000000000000,-11.9455235581107324,-4.9169376176638400,2.6182988863753551
9c0951f42283ba97258a000000000000,-11.9559121733000122,-4.7043002726208298,2.6254659475048761
b9de89f72283ba97f68a000000000000,-11.9244180575865819,-4.4781590481835076,2.6278246222003805
223586f12283ba97b28b000000000000,-11.8438098212774001,-4.2371306584503374,2.6336544832808051
bb9d11f32283ba97578c000000000000,-11.7063259630450958,-3.9818778819872085,2.6667075728719594
7ee5e6f22283ba97198d000000000000,-11.5178364232248285,-3.7202623655815512,2.7004045161007193
e71bdafc2283ba97c58d000000000000,-11.2879182643317755,-3.4552510340135689,2.6976955039316741
3f1faefe2283ba978c8e000000000000,-11.0178344198619040,-3.1847182205412379,2.6612777624993762
168161f82283ba973c8f000000000000,-10.6966645790000445,-2.9079157479686399,2.6058330738401088
b958e4fb2283ba970890000000000000,-10.3263791507210652,-2.6215641215421597,2.5342584276512663
f3270fc42283ba97d091000000000000,-9.9160820318245921,-2.3144916983604591,2.4413206977383455
79f2c4c72283ba978292000000000000,-9.4794371524558212,-1.9888440760310120,2.3232313418626784
bc2cb0c12283ba972793000000000000,-9.0385240082355125,-1.6596829700549589,2.1799805718154857
b853b1c32283ba970394000000000000,-8.5938494973286286,-1.3402989097925293,2.0286936190533571
76c97dcd2283ba979094000000000000,-7.9996199283493885,-1.0795133295163224,1.9006033925441017
1a201ccf2283ba973095000000000000,-7.5205579307839585,-0.8004552252620117,1.7781701718514027
b7f82fc92283ba97df95000000000000,-7.0502711175535344,-0.5265973726441705,1.6389691715043173
c44c33cb2283ba97b096000000000000,-6.5979874185231662,-0.2549498718450147,1.5121199965958667
9657c7ca2283ba977497000000000000,-6.1680531116905719,0.0122332802445524,1.4108726123866326
42eda8d42283ba970e98000000000000,-5.7694505916062742,0.2714970092017330,1.3320190057581989
27643fd62283ba97b298000000000000,-5.4069785001317259,0.5264921335444220,1.2769645965881464
823705d02283ba97ba99000000000000,-5.0811385140540057,0.7744004890341593,1.2475595803439583
4f28d4d32283ba97829a000000000000,-4.8122114424856477,1.0177501832336309,1.2490132215179328
3ffd42dd2283ba97119b000000000000,-4.6076576070325883,1.2654465322714199,1.2519586171370773
a32b0adf2283ba97b49b000000000000,-4.4733676141573522,1.5235702573471077,1.2248752060473747
7c85d1de2283ba979c9c000000000000,-4.4043857927061323,1.7713493200585644,1.2054944255873041
4d4b70d82283ba97359d000000000000,-4.3628084274005650,1.9932021597037237,1.2006816165947585
1d518adb2283ba97b69d000000000000,-4.3407763328838511,2.1850260370738610,1.2134105710203364
36c41d25dd7c4568749e000000000000,-4.3379949934836750,2.3442794046555342,1.2512641563794913
d2079b24dd7c45680b9f000000000000,-4.3422250577500128,2.4741397261002072,1.2855170750294467
140d2626dd7c4568c49f000000000000,-4.3617310205230480,2.5863265423053323,1.2903148778180784
5be55321dd7c45685aa0000000000000,-4.3998869544790864,2.6784104570359406,1.2690379737341402
221afc20dd7c456820a1000000000000,-4.4527765578214611,2.7521805742134107,1.2274273441756973
c3ac7022dd7c4568d9a1000000000000,-4.5108848924239817,2.8273997306558805,1.1731941793399381
9c82842ddd7c45687aa2000000000000,-4.5571366632840320,2.9098579865747500,1.1351011194137934
90f6062fdd7c456862a3000000000000,-4.5823654501525617,2.9972703303841883,1.1303965417096404
2dccac2edd7c45684ea4000000000000,-4.5795685677106439,3.0805962350843141,1.1501794943627821
aba53a28dd7c456812a5000000000000,-4.5496215678731273,3.1630910466344879,1.1547222843827269
4850b92bdd7c4568e0a5000000000000,-4.5003867986544295,3.2532121703796486,1.1471699641610467
5c7efb2add7c456879a6000000000000,-4.4388813115751820,3.3525199651793431,1.1246694542814257
67920534dd7c456810a7000000000000,-4.3735318096744535,3.4690583452198838,1.0880463846103667
7a11b037dd7c456891a7000000000000,-4.3150299309600948,3.6049900368547005,1.0444061504361462
51b8c936dd7c456875a8000000000000,-4.2575749377814791,3.7527370018616795,0.9965595732276153
65866230dd7c456829a9000000000000,-4.1941882239607304,3.8982351014476344,0.9713314403734916
9d578133dd7c4568d8a9000000000000,-4.1295347877101491,4.0447699254875644,0.9661954805235758
b89e3a3ddd7c456863aa000000000000,-4.0637254894504267,4.1984819706664354,0.9701250963957708
ee2c663cdd7c4568e1aa000000000000,-3.9937772238919491,4.3636773082803861,0.9567877371696945
05a9f13fdd7c45688eab000000000000,-3.9231171431480192,4.5399667423883008,0.9357081846637922
cb5f3239dd7c456814ac000000000000,-3.8610942388091258,4.7291080456114782,0.9398130538203960
760d5338dd7c4568a4ac000000000000,-3.8074412540150240,4.9371226750513282,0.9499757976260630
23fb813bdd7c45684ead000000000000,-3.7554130376689709,5.1643889687439684,0.9429057830097360
d29b2105dd7c4568e8ad000000000000,-3.6899912946447317,5.4034030523235561,0.9194037936300069
f0eabb04dd7c4568c2ae000000000000,-3.5957791593012010,5.6368040277419871,0.8927257646060771
c1b0d207dd7c456886af000000000000,-3.4739428960753824,5.8468587829992842,0.8934833398304938
8031fe06dd7c4568fdaf000000000000,-3.3431631761744249,6.0376341856931504,0.9230469024468408
5c1d1a0ddd7c456892b0000000000000,-3.2096918566615482,6.2269355641563848,0.9644885000944887
9d4a171fdd7c4568f9b0000000000000,-3.0652425995374863,6.4248454412434111,1.0074786074475031
4c45ac69dd7c456886b1000000000000,-2.9142866004849912,6.6396609572523850,1.0790361997812816
c1cad57bdd7c45686cb2000000000000,-2.7664323985811632,6.8714310723918874,1.1613015930548392
fe0f9f45dd7c4568f1b2000000000000,-2.6197106700169419,7.1171269929730681,1.2259261704544453
18861747dd7c456882b3000000000000,-2.4752350345106100,7.3667178533709308,1.2693787319037897
d661ad46dd7c456809b4000000000000,-2.3398341309915320,7.6187305197668485,1.2927247707180447
87652e40dd7c4568afb4000000000000,-2.2164180024145090,7.8867586808953787,1.3084763637876757
b3d5bb43dd7c45687eb5000000000000,-2.1104335935074130,8.1686895482026571,1.3470949222266313
268ec942dd7c4568fab5000000000000,-2.0229620437061571,8.4388157886141926,1.4092845909199352
37a9b24cdd7c45687ab6000000000000,-1.9519437092470575,8.7076269477158128,1.4726162023588192
aa62cb4fdd7c456811b7000000000000,-1.8930386619078750,8.9849474865339243,1.5199930584082120
86f06f49dd7c4568adb7000000000000,-1.8486765316604070,9.2653064241218885,1.5614664618316638
33af8748dd7c456811b8000000000000,-1.8177699456086329,9.5429654291644574,1.6035091925069715
94d2d34bdd7c456893b8000000000000,-1.7986159140961717,9.8153601331938578,1.6507551651119940
5e32c44add7c456818b9000000000000,-1.7921320948512263,10.0855144576810396,1.7004772586012622
10d60754dd7c4568bdb9000000000000,-1.8056296774413039,10.3555838151378214,1.7507545355906216
2a201857dd7c456858ba000000000000,-1.8472491076996815,10.6201098558188782,1.8023016440884032
59b2b156dd7c4568d6ba000000000000,-1.9114990392533202,10.8695816965291581,1.8496524190744470
9e995f51dd7c45683dbb000000000000,-1.9713266275565515,11.1046421263287556,1.8797004449074959
b7042253dd7c45688fbb000000000000,-2.0194360932514890,11.3338317991097934,1.9014899531602838
fe6d7852dd7c4568e7bb000000000000,-2.0686607320431318,11.5633361134532233,1.9462119366455679
83bd5a5ddd7c45684dbc000000000000,-2.1223510742590830,11.7925646380152180,1.9930557383326652
fe72b65cdd7c4568a7bc000000000000,-2.1894811924957818,12.0255894655771289,2.0193886393311575
60bdbe5edd7c45680ebd000000000000,-2.2846475285427625,12.2577690897538325,2.0415413383557373
e22c8859dd7c45686dbd000000000000,-2.4023233855808823,12.4789779962741516,2.0913246951748841
74f8b658dd7c4568ddbd000000000000,-2.5215294196356974,12.6787765858637496,2.1641607678521644
092d245add7c456838be000000000000,-2.6325718656117161,12.8475950427416024,2.2409250146931750
5db768a52283ba9770be000000000000,-2.7393645378520630,13.0036062344118939,2.3000211797843120
a73356a42283ba9792be000000000000,-2.8529424352435657,13.1433193023871784,2.3440350411529502
056ce5a72283ba97c1be000000000000,-2.9796505144636733,13.2577398335498238,2.3655620276577629
79066fa12283ba9700bf000000000000,-3.1120966850949601,13.3349830300715428,2.3643866783845864
a2321ea02283ba974fbf000000000000,-3.2298016954677156,13.3554301510806184,2.3517596867346651
73f1fba32283ba9794bf000000000000,-3.3262348921235110,13.3109892718835496,2.3604417572866327
6cb192ad2283ba97dcbf000000000000,-3.4100077392636448,13.2250646226967117,2.4028993616214898
603cfbac2283ba9735c0000000000000,-3.4791899973958995,13.1036501577211784,2.4398074426015506
5af5d5af2283ba9784c0000000000000,-3.5302613343567879,12.9597190831287001,2.4558502951045935
21816fa92283ba97b7c0000000000000,-3.5745024506050811,12.8108373978598866,2.4926819374083751
31c252a82283ba97eec0000000000000,-3.6196496509549170,12.6775531228026495,2.5228350886475739
8f80a1ab2283ba971ac1000000000000,-3.6729565909240303,12.5725791855995741,2.5360675258642336
779af7aa2283ba973ec1000000000000,-3.7334556347353280,12.4900571392875275,2.5305578998710079
609169b42283ba9781c1000000000000,-3.7982647321639256,12.4012065188906941,2.5029700790639988
6708f1b72283ba97c8c1000000000000,-3.8722881042232737,12.2895435973109315,2.4567254799944509
ff795cb12283ba970ac2000000000000,-3.9521323384451952,12.1507788369397538,2.4202261950073218
886877b02283ba9751c2000000000000,-4.0308450073607034,11.9925822593989491,2.4148078597272580
c087a5b32283ba979cc2000000000000,-4.0999327989309835,11.8224325573396687,2.4317801764595712
5ed012bd2283ba97f2c2000000000000,-4.1733537737191124,11.6528344066536640,2.4626452426536494
fde71ebc2283ba972cc3000000000000,-4.2511666839467086,11.4927408463152947,2.4721908998056041
c5a36bbf2283ba9771c3000000000000,-4.3393371108178922,11.3395516917266939,2.4582151135907884
872495be2283ba97bdc3000000000000,-4.4417988510028747,11.1853989269542655,2.4410724446455596
a9c1fab92283ba9710c4000000000000,-4.5637413493169463,11.0281495163130643,2.4568198656283284
4d8d70bb2283ba9762c4000000000000,-4.6967425273335746,10.8678581738161810,2.5036030025250935
40f1d3ba2283ba97cac4000000000000,-4.8285934412455429,10.7003527287091948,2.5676183942454593
ccb191852283ba9711c5000000000000,-4.9478495960819853,10.5213007861767718,2.6149877979552700
60e811872283ba9775c5000000000000,-5.0360481474112051,10.3236504330033370,2.6484832371117992
d2793d862283ba97e2c5000000000000,-5.0736641128800715,10.1032173814010928,2.6985494979020186
a2294c812283ba973bc6000000000000,-5.0701883901251490,9.8646016548688866,2.7820613318540155
4fa12c832283ba9796c6000000000000,-5.0399465155061067,9.6124597299428647,2.8501774610235326
3be6d3822283ba9703c7000000000000,-4.9895196938520314,9.3525418601716801,2.8907158284079468
4449cd8d2283ba975ac7000000000000,-4.9318035076972357,9.0959407110256745,2.9110957562173936
e1e2468f2283ba97c0c7000000000000,-4.8690317543889439,8.8434145104715949,2.9095600014755041
4e978c8e2283ba9728c8000000000000,-4.7935492784607536,8.5863522229351883,2.9003946246811831
0e23fb892283ba9793c8000000000000,-4.7102585584940799,8.3277633259931854,2.9134546789660059
d131608b2283ba972dc9000000000000,-4.6337778023061054,8.0862359523411147,2.9241183229497905
6484968a2283ba9791c9000000000000,-4.5699563998092865,7.8670139753702104,2.9140080864779319
ccca8e952283ba973dca000000000000,-4.5216578900628956,7.6682218655229502,2.8803082745130375
9847e8942283ba97adca000000000000,-4.4990147547479982,7.5008912633572260,2.8376848148264688
302768962283ba9728cb000000000000,-4.4932842576941008,7.3548019969243876,2.7841143681644827
330fb7912283ba978bcb000000000000,-4.4957446646460353,7.2216528227999417,2.7431388999090238
1906a6902283ba97ffcb000000000000,-4.5146853365165542,7.1082323259563172,2.7315699479264501
fa13e9932283ba9782cc000000000000,-4.5555243778572567,7.0164021610562672,2.7572326302503436
2489b79d2283ba97f1cc000000000000,-4.6012807809889376,6.9333129139173417,2.7762493430968380
1441379f2283ba9770cd000000000000,-4.6517881901491061,6.8636272347775531,2.7662168155195976
7b14979e2283ba97eecd000000000000,-4.7146585746172729,6.8165782787132976,2.7390131881514357
946211982283ba9770ce000000000000,-4.7913866618285041,6.7897127242028716,2.7222427208613222
8d13219b2283ba9708cf000000000000,-4.8745078299471531,6.7737129595665939,2.7283395650974214
4185519a2283ba97c3cf000000000000,-4.9646911663777296,6.7545294381302314,2.7625129796874828
2c9ea8e52283ba974bd0000000000000,-5.0581803556990419,6.7195013185163752,2.8183627490272443
22ca27e72283ba97c3d0000000000000,-5.1571503907262048,6.6760871965797861,2.8762572942181119
44b944e62283ba9750d1000000000000,-5.2490043018592569,6.6242388132010674,2.8930674707432478
b1a686e12283ba97c2d1000000000000,-5.3211662100872221,6.5629119253333323,2.8390635406113112
9e9b6de32283ba9740d2000000000000,-5.3784100092886691,6.4917384189021012,2.7559413051079944
6e09c9e22283ba97bfd2000000000000,-5.4341216596772046,6.4075176979210635,2.6623943393858744
0607bcec2283ba974ed3000000000000,-5.5111166179918740,6.2945657243511368,2.5869969153726409
738211ee2283ba97efd3000000000000,-5.6033500883972458,6.1202722932450540,2.5362712677510162
ff63f7e92283ba97c0d4000000000000,-5.7181769614191529,5.8969260481525847,2.5249389807492686
1f57fceb2283ba9798d5000000000000,-5.8453529414129166,5.6276108893644397,2.5392032165530209
e33002f52283ba9767d6000000000000,-5.9905472410240943,5.3126172005517747,2.5732061258660108
ffd0d3f42283ba972ed7000000000000,-6.1496826783364567,4.9627808680788066,2.6065067455518478
4d6e6df62283ba97e7d7000000000000,-6.3118623648865970,4.6028904642761121,2.6179277426604783
ee567ff22283ba97bdd8000000000000,-6.4743108056008873,4.2497484227390299,2.6236963249011551
b9bd28fc2283ba97a9d9000000000000,-6.6329514150141664,3.8570873897528561,2.6547076576856923
365bd9ff2283ba9766da000000000000,-6.7916801806115776,3.4358934907334326,2.7095974619791585
f8c1b8f92283ba9714db000000000000,-6.9310174141280916,2.9646560231202823,2.7674232184194314
f99f65fb2283ba97c6db000000000000,-7.0843984377075264,2.4768057957855825,2.7962895172579851
37ce1ec52283ba9771dc000000000000,-7.2342872327942063,1.9818639970090808,2.7950943343047578
d63b40c42283ba976ddd000000000000,-7.3783551027832814,1.4872140911403224,2.7673640900465593
e484eac72283ba972fde000000000000,-7.4965292597620019,0.9820966756366231,2.7151815917466893
3063d4c12283ba97ddde000000000000,-7.6159606363302057,0.4816721951720479,2.6286843670395803
519358c32283ba9711e0000000000000,-7.7180366087190295,-0.0296294321573459,2.5412167920432047
3f26ebc22283ba97e8e0000000000000,-7.8290834527034239,-0.5360810631425037,2.4651587300050393
a38d8fcc2283ba97c0e1000000000000,-7.9289798717513174,-1.0287548534241200,2.4105560862072113
e810d0ce2283ba977ae3000000000000,-8.0271065897232283,-1.4989355724634521,2.3313855563313708
4b1db7c82283ba9718e4000000000000,-8.1230498107750897,-1.9431361913967147,2.2363906842827701
9fb7d7cb2283ba97b4e4000000000000,-8.2157271374578720,-2.3704752233868485,2.1406882468568007
d6e17fd52283ba9729e5000000000000,-8.3025279351240631,-2.7810666992754722,2.0781394023496897
d56ff5d42283ba97aae5000000000000,-8.3798073842713183,-3.1783293944401279,2.0208842821708806
e6ce74d62283ba9744e6000000000000,-8.4454835579761163,-3.5597257959391237,1.9552068819090616
af99fdd12283ba97c1e6000000000000,-8.4979307849830512,-3.9254804962855219,1.9166294722035231
f9e840d32283ba9754e7000000000000,-8.5368651832836786,-4.2779600151224910,1.9036748172479221
ccccc1d22283ba97e6e7000000000000,-8.5673216334021642,-4.6150635253982424,1.9203466270758964
680d7bdc2283ba9778e8000000000000,-8.5960247843691970,-4.9200778059373933,1.9493685772015323
4bbbfedf2283ba97dbe8000000000000,-8.6248424158884589,-5.1818442667643403,1.9646003343048339
00d28fd92283ba9702ea000000000000,-8.6523885734897323,-5.4076467528186418,1.9559308825355057
5bcc68db2283ba9716eb000000000000,-8.6829392297046475,-5.6215211568201902,1.9225001070343473
5858d7da2283ba9703ec000000000000,-8.7162633820404611,-5.8409412381139187,1.8928066189873567
c2c94424dd7c45682ced000000000000,-8.7503321040652029,-6.0695896227807165,1.8833502763780141
431a3826dd7c4568cded000000000000,-8.7668161946703265,-6.2941642677412570,1.9106279551554355
29d15921dd7c456859ef000000000000,-8.7542499977571833,-6.5436474887701852,1.9567184036046075
08b9fa20dd7c456820f0000000000000,-8.7078604132337443,-6.8251165548241328,2.0199859533808646
c2627622dd7c45680ff1000000000000,-8.6291385721831766,-7.1227088250641568,2.0908986673766310
9787a32ddd7c45682cf2000000000000,-8.5197676050927811,-7.4150337596435723,2.1676170305821469
e5bac82cdd7c4568dff2000000000000,-8.3894807546047812,-7.6963712674104361,2.2037277804613287
2509462edd7c4568d8f3000000000000,-8.2369877052317957,-7.9583445849198551,2.2149684968886452
1464c329dd7c456818f5000000000000,-8.0662163456375300,-8.1975743562436225,2.2035181993589679
f9576d2bdd7c4568cff5000000000000,-7.8737917318629034,-8.4092139159723427,2.1625416079289792
6b5be22add7c4568d8f6000000000000,-7.6568534854117081,-8.5938470529330129,2.1081402368564688
57feba34dd7c4568c6f7000000000000,-7.4187263701509734,-8.7469792588679347,2.0702933769718874
39378c37dd7c4568b8f8000000000000,-7.1739125975881937,-8.8690329173854252,2.0685898494682453
b3203531dd7c456867f9000000000000,-6.9359365256653245,-8.9708862776306386,2.0917140240451970
063e4430dd7c4568faf9000000000000,-6.7023852912792679,-9.0511173657798150,2.0998889143347808
c80aec33dd7c456894fa000000000000,-6.4729549549815326,-9.1117639335480316,2.0826543851805845
18b7b63ddd7c456893fb000000000000,-6.2484333846358702,-9.1611243319254339,2.0783027942666545
66f5343fdd7c456819fc000000000000,-6.0376340668893631,-9.2007066701119555,2.0975504155768649
d6b2683edd7c456897fc000000000000,-5.8369408459653629,-9.2258161616789209,2.1023762513343498
c6281238dd7c45686dfd000000000000,-5.6414929061987573,-9.2334313170940803,2.0825604439824414
7abeba3bdd7c456806fe000000000000,-5.4509288800789522,-9.2253802026399061,2.0394821063956452
98c7ae3add7c45689efe000000000000,-5.2696905166598071,-9.2028934978712211,1.9477676590785200
b86be505dd7c4568d3ff000000000000,-5.0951284403923367,-9.1630532773512634,1.7870696511063158
2b152907dd7c45686000010000000000,-4.9226157328322975,-9.1078697530925634,1.6016300586310050
d9e2b306dd7c45683101010000000000,-4.7467366587513959,-9.0327966853952937,1.4391247184925340
e1008c01dd7c4568ab01010000000000,-4.5700742427809686,-8.9318537486297451,1.2852825969443953
0c0c4903dd7c4568a702010000000000,-4.3883769878494903,-8.8054707498803495,1.1157622135765637
1c98ff02dd7c45688103010000000000,-4.1970855345163693,-8.6474879591971252,0.9563054492754891
9ef8270cdd7c45684004010000000000,-4.0024508147163234,-8.4626852235317340,0.8273022698510251
5568f80fdd7c45681305010000000000,-3.8159731658308385,-8.2652881173705772,0.7330550440794313
462cd10edd7c4568d605010000000000,-3.6410669585251356,-8.0531452197266074,0.6516518068745631
453f5408dd7c45688506010000000000,-3.4745928273143378,-7.8229341387362217,0.5507572063414455
d7d4a90bdd7c45688007010000000000,-3.3226010978002569,-7.5776393468615151,0.4384057906582625
d874db0add7c45687908010000000000,-3.1869300079518013,-7.3151445549381542,0.3500125602860935
f1486714dd7c45686809010000000000,-3.0657009187544642,-7.0374713592200742,0.2943912092565531
3b90ae17dd7c45684f0a010000000000,-2.9530236770992482,-6.7490293206353362,0.2692425402278091
27f13311dd7c45682e0b010000000000,-2.8437893318795147,-6.4501466754942030,0.2721685890220125
b9b39110dd7c4568870c010000000000,-2.7379651951644881,-6.1433666568135212,0.3046443764407192
bfd10e12dd7c4568b00d010000000000,-2.6390174455900230,-5.8297178359754325,0.3617651172331015
b8651a1cdd7c4568210f010000000000,-2.5430542870092090,-5.5069399388349911,0.4193429450198841
e3a2411fdd7c4568e60f010000000000,-2.4550137074301879,-5.1639260213167280,0.4547263610522918
40f7871edd7c45689410010000000000,-2.3868819315376748,-4.7879016688009646,0.4802807893948343
2a493818dd7c45686e11010000000000,-2.3261903641227359,-4.3978543564682457,0.5230824365555817
769a7d1bdd7c45684912010000000000,-2.2628518875162356,-4.0115369292690826,0.5848100839603044
66e98b1add7c4568f712010000000000,-2.2053889497046586,-3.6328186519142056,0.6597677206123403
a0523864dd7c4568a613010000000000,-2.1689608676465455,-3.2555404981730880,0.7163840921269323
15c86667dd7c45686314010000000000,-2.1537853831447888,-2.8795150626912580,0.7516705266309286
1b94fc66dd7c45680115010000000000,-2.1413205470397436,-2.5119881235428103,0.7654053658101975
c2f46260dd7c45689d15010000000000,-2.1246478157702255,-2.1543051315000232,0.7562019561301410
7b238963dd7c45684016010000000000,-2.1008284458997015,-1.8071977487040898,0.7294242956415161
7b7f7d6ddd7c45680017010000000000,-2.0759195132484685,-1.4745241517005572,0.7022048173124397
fda39d6cdd7c45689c17010000000000,-2.0491058108611071,-1.1685358013514440,0.7016906361438329
e930196edd7c45687718010000000000,-2.0164098377952517,-0.8859039939491505,0.7056989636371530
31b9bd69dd7c45683b19010000000000,-1.9768882043517930,-0.6149317311364257,0.6902048707920270
a69ffd68dd7c4568031a010000000000,-1.9337563945155818,-0.3599238800221194,0.6846415370055373
4fe1116add7c4568f01a010000000000,-1.8871109230422711,-0.1249308480096611,0.7041545926083835
669f4b75dd7c4568861b010000000000,-1.8312803118962677,0.0910582062813577,0.7151156773233993
38c0fa74dd7c4568fc1b010000000000,-1.7707808817110562,0.2899882099169859,0.7019384843623001
25912976dd7c4568e81c010000000000,-1.6996418733968333,0.4695276626093922,0.6724883001984533
7bb35d71dd7c4568d21d010000000000,-1.6206877832230586,0.6336468818901508,0.6320104924887636
4970fa70dd7c4568ad1e010000000000,-1.5431426734590723,0.7801885433081549,0.6136623315758366
3cd0ed73dd7c45682a1f010000000000,-1.4703412201108008,0.9099573758839201,0.6273534747880926
244ad972dd7c4568ec1f010000000000,-1.4060792822484032,1.0122600374139814,0.6666552331075565
3f788d7ddd7c45683020010000000000,-1.3555844052541632,1.0858787277323396,0.6974696881528991
bf2a8b7cdd7c4568ca20010000000000,-1.3133174793252893,1.1326356831226809,0.7023837274145736
2c80e07fdd7c45681e21010000000000,-1.2724558108885888,1.1485497377244536,0.7055381269337200
e73b837edd7c45687721010000000000,-1.2268430082339812,1.1358679463643870,0.7333916835454600
a6474d79dd7c4568dc21010000000000,-1.1771108989381405,1.1096363594296215,0.7527756953476501
07ec4c78dd7c45689d22010000000000,-1.1347850840698865,1.0752658478752624,0.7514375261690549
4b9fb87bdd7c45687b23010000000000,-1.0917008310908918,1.0475493878663646,0.7403669511804126
6069977add7c45683224010000000000,-1.0414247943388173,1.0181863549112431,0.7296086323665659
f43bb245dd7c45687b24010000000000,-0.9750607913311942,0.9760199151722819,0.7349047470690138
13846144dd7c45680525010000000000,-0.8875849207011633,0.9254302787547375,0.7338063576460447
a63b1347dd7c45685e25010000000000,-0.7831179021601105,0.8868525202287594,0.7129481237498616
6ba7cc47dd7c4568d225010000000000,-0.6700460419352220,0.8704870069304523,0.7012748392397830
29683e41dd7c45688526010000000000,-0.5550645246779701,0.8532599606100701,0.7181758778496204
9ea7d741dd7c4568ca26010000000000,-0.4451700606155699,0.8289915544986618,0.7442440563758833
9b809c40dd7c45681527010000000000,-0.3392991958622344,0.8006450133415305,0.7464156298195778
34275943dd7c45689027010000000000,-0.2370947832930531,0.7697444542081620,0.7229730642857439
473b4842dd7c45687e28010000000000,-0.1407645470692530,0.7330362970058129,0.7054126991333605
9b12474ddd7c45681c29010000000000,-0.0515762007640726,0.6930215130216639,0.7062130703814415
2742714cdd7c45686929010000000000,0.0309459176428991,0.6584641350303648,0.6918832640785370
661b0b4fdd7c4568d529010000000000,0.1078962745925724,0.6295333628159046,0.6811419546926535
ec1ee54fdd7c45680b2a010000000000,0.1840333329516048,0.6016546206912693,0.6988883358177855
81a1d94edd7c4568cd2a010000000000,0.2576580478553440,0.5726940083217065,0.7115089481224688
9e15ca49dd7c45685f2b010000000000,0.3206737688607662,0.5475137721669927,0.7049590919154537
bec3e748dd7c45689d2b010000000000,0.3685659804865602,0.5282732601951202,0.6856097395166985
9ccca04bdd7c4568ee2b010000000000,0.4093478767451191,0.5113461291303996,0.6549181669403228
7a42a24add7c4568f42c010000000000,0.4518431724760539,0.4896839597847168,0.6245215124216941
fd15b555dd7c4568a52d010000000000,0.5016664637158401,0.4602925338829811,0.6109584658702334
7e17ec54dd7c45682f2f010000000000,0.5416888728949595,0.4384308625095203,0.6006163873222278
7dfd7056dd7c45685c30010000000000,0.5812936912320537,0.4347572269779718,0.5840580793083394
a4bb9751dd7c4568d830010000000000,0.6218850304679163,0.4400357144635935,0.5624234499749110
b16b2153dd7c45686f31010000000000,0.6581108091556371,0.4411115123325488,0.5339724406750627
ebbab252dd7c45680032010000000000,0.6826965825882183,0.4370865421807553,0.5019821039582837
db93e55ddd7c45686432010000000000,0.6891262030676881,0.4307244830002959,0.4772790926007527
58625a5fdd7c45682b33010000000000,0.6949438357370217,0.4222977547371642,0.4495874276056249
b1d9c45edd7c45680034010000000000,0.6954927232104308,0.4110685927640196,0.4310076832028354
3c0e6358dd7c45687034010000000000,0.6850514883302001,0.4034095785219959,0.4307184178646492
5381f95bdd7c4568e334010000000000,0.6806889321026425,0.4030396080840751,0.4384682972107359
939406a52283ba976c35010000000000,0.6707172564724327,0.4057033109360255,0.4451682306551851
a480b7a42283ba971336010000000000,0.6642635114644598,0.4072364402949877,0.4259487796873854
301da0a62283ba97db37010000000000,0.6755978920198630,0.3989937135594325,0.3644988100819665
3cfcf5a12283ba974538010000000000,0.6752605718355909,0.3819330217910181,0.3208444078207021
6793aba32283ba976738010000000000,0.6608591455727605,0.3697428836968062,0.3101882260939252
aaafaead2283ba97d238010000000000,0.6591084772612096,0.3661510165081719,0.3084927552330242
dea5bcac2283ba976739010000000000,0.6589120797348774,0.3657774223314398,0.3084742594283719
7290d3af2283ba974a3a010000000000,0.6590730083322209,0.3656779427762750,0.3079947257014732
f7278eae2283ba97653a010000000000,0.6591167798829874,0.3652990323372707,0.3077339204872387
f67afca92283ba97b13a010000000000,0.6590264118261554,0.3656394043105151,0.3075194802257533
eb0586a82283ba97003b010000000000,0.6589983871379169,0.3654793989841900,0.3075551333242372
f8e8a2aa2283ba97e73b010000000000,0.6596089994697053,0.3647378745719494,0.3080494657954166
137c50b52283ba97703c010000000000,0.6607534781457524,0.3635773996565106,0.3087243663417724
ac121fb72283ba977d3d010000000000,0.6618979567950777,0.3624169248024152,0.3093992669805023
ac2b65b62283ba97a43e010000000000,0.6630424354444030,0.3612564499483168,0.3100741676192321
a94349b12283ba974240010000000000,0.6641869140937282,0.3600959750942244,0.3107490682579619
ea5148b02283ba977540010000000000,0.6653313927430297,0.3589355002401200,0.3114239688966918
