79e84f8174d7a9410e00000000000000,-0.0000004797990000,-0.0000000675909000,0.0000003165030000
ebc8cb8474d7a9410f00000000000000,-0.0467637275000000,0.0047902403300000,0.0056607602700000
833e3b798b2856bef100000000000000,-0.1665970930000000,0.0095373978500000,0.0347013430000000
eb4cfa788b2856bed101000000000000,-0.2993272190000000,0.0143190126000000,0.0651054312000000
f151eb7f8b2856bebf02000000000000,-0.3942888389999999,0.0115901476000000,0.0836268308000000
2b1bd37e8b2856becd03000000000000,-0.3760118720000000,0.0052747920600000,0.0801443627000000
16a45e7e8b2856beef04000000000000,-0.2633228530000000,-0.0006566768750000,0.0580625652000000
2433f07d8b2856be5d05000000000000,-0.1347528620000000,-0.0003297440690000,0.0322085328000000
5b577e7d8b2856be2106000000000000,-0.0116641987000000,0.0108138641000000,-0.0000238160183000
f7d9f77c8b2856be0607000000000000,0.0271885544000000,0.0155289082000000,-0.0124841035000000
004d89738b2856bebc07000000000000,-0.0476844836000000,0.0177238929000000,0.0089318013300000
a99e18738b2856be3508000000000000,-0.1756869670000000,0.0226839055000000,0.0416052449000000
6bc1bb728b2856be4909000000000000,-0.3086473720000000,0.0273999856000000,0.0745794474000000
4b158f718b2856be4e0a000000000000,-0.4003386590000000,0.0277850576000000,0.0910158596000000
9d6d1e718b2856bebb0a000000000000,-0.4060811700000000,0.0223360936000000,0.0889331917000000
3b780c708b2856be9c0c000000000000,-0.3128428080000000,0.0190369937000000,0.0737283879000000
224c11778b2856be390d000000000000,-0.1738432940000000,0.0191680207000000,0.0543444707000000
9dc4f5768b2856bebc0d000000000000,-0.0327437063000000,0.0193890351000000,0.0223486750000000
b975ea758b2856be330e000000000000,0.0489582611000000,0.0155410522000000,-0.0028889467400000
865eb2748b2856beb70e000000000000,0.0255205606000000,0.0157619172000000,0.0044930152600000
ad739f678b2856be2f0f000000000000,-0.0672666420000000,0.0234868173000000,0.0325893412000000
78f469668b2856beb90f000000000000,-0.1703178670000000,0.0313579262000000,0.0572548335000000
1e74f3648b2856be6210000000000000,-0.2386291270000000,0.0327369991000000,0.0535742376000000
ef828a5a8b2856beeb10000000000000,-0.2573398830000000,0.0320659703000000,0.0383882925000000
3fe2cb598b2856bee511000000000000,-0.2561601350000000,0.0302111683000000,0.0262372898000000
af40a45f8b2856befd12000000000000,-0.2542899550000000,0.0246030171000000,0.0087177639500000
a6edf65e8b2856be1414000000000000,-0.2557400810000001,0.0288587471000000,-0.0126606256000000
636e7b5d8b2856beaa14000000000000,-0.2483601530000000,0.0453716238000000,-0.0183910882000000
2e2c8c538b2856beed14000000000000,-0.2452200360000000,0.0562469127000000,-0.0105862241000000
b1ec72538b2856be2415000000000000,-0.2418300540000000,0.0615977210000000,0.0004113068570000
cffb0f518b2856beff15000000000000,-0.2395400810000000,0.0873671144000000,0.0135376634000000
5aaf29578b2856be2f17000000000000,-0.2364400900000000,0.1404985240000000,0.0259017768000000
a7a818558b2856be7b18000000000000,-0.2288901890000000,0.2133382900000000,0.0362067813000000
0e1bef4b8b2856be6319000000000000,-0.2278298740000000,0.2867284520000000,0.0441548758000000
9a921a498b2856be261a000000000000,-0.2353198290000000,0.3428790280000000,0.0495718740000000
cecc5d488b2856be891a000000000000,-0.2412999010000000,0.3677098290000000,0.0535649649000000
f490204f8b2856bea91a000000000000,-0.2421201170000000,0.3591005580000000,0.0503071485000000
1ce0454e8b2856be221b000000000000,-0.2397399370000000,0.3169312240000000,0.0403302358000000
bbaa6b4c8b2856be771c000000000000,-0.2416400450000000,0.2488317820000000,0.0303912610000000
780caa418b2856be821d000000000000,-0.2365201530000000,0.1629320430000000,0.0165753078000000
ff76b1478b2856be911e000000000000,-0.2334899460000000,0.0676741735000000,0.0039891372400000
b9aeb8458b2856be551f000000000000,-0.2372498560000000,-0.0281568436000000,-0.0056328718500000
8097e73b8b2856bef21f000000000000,-0.2440297570000000,-0.1216479840000000,-0.0148058182000000
148abb398b2856becf20000000000000,-0.2564397390000000,-0.1984185420000000,-0.0205079064000000
541ebd388b2856be4521000000000000,-0.2600300270000000,-0.2445494510000000,-0.0247649064000000
6f9f1c3f8b2856bec221000000000000,-0.2574200630000000,-0.2419206120000000,-0.0300718587000000
a6353f3e8b2856be3922000000000000,-0.2515801890000000,-0.1918515210000000,-0.0358848857000000
70e7273c8b2856bece23000000000000,-0.2462400360000000,-0.1136319170000000,-0.0369500837000000
1cc7c3328b2856bea424000000000000,-0.2470499640000000,-0.0213441609000000,-0.0293912106000000
4ba585308b2856be8425000000000000,-0.2464800270000000,0.0703060641000000,-0.0171852808000000
79d33b378b2856be6e26000000000000,-0.2496298200000000,0.1451786590000000,-0.0042828679300000
abbeba358b2856be0827000000000000,-0.2603497750000000,0.1894092170000000,0.0108515923000000
1c602e348b2856beb127000000000000,-0.2651200630000000,0.2115796940000000,0.0275017084000000
38084f2b8b2856be4628000000000000,-0.2598301080000000,0.2235196760000000,0.0392946787000000
6b907b2a8b2856be7d29000000000000,-0.2547401350000000,0.2475393610000000,0.0671111288000000
db36ff288b2856be292a000000000000,-0.2453902970000000,0.2691097840000000,0.1135387580000000
4823ea2e8b2856bead2b000000000000,-0.2263304500000000,0.2588006840000000,0.1761985240000000
f909cc2c8b2856bec02c000000000000,-0.2101302700000000,0.2100916020000000,0.2388887940000000
df508d228b2856be8d2d000000000000,-0.2076298830000000,0.1162325290000000,0.2710698559999999
6abc36218b2856be622e000000000000,-0.2184596670000000,-0.0060954268300000,0.2451012150000000
6ea71a278b2856be352f000000000000,-0.2369494240000000,-0.1122382540000000,0.1706519890000000
f9acdb258b2856be2e30000000000000,-0.2696091540000000,-0.1504299100000000,0.0774880907000000
78c61c1b8b2856be6131000000000000,-0.3077192170000000,-0.1197113860000000,-0.0092256036000000
0294ac198b2856be3832000000000000,-0.3291997659999999,-0.0340232977000000,-0.0734878687000000
7207d81f8b2856be6233000000000000,-0.3313200630000000,0.0759014278000000,-0.0998770612000000
4f40ee1d8b2856bef233000000000000,-0.3216003870000000,0.1904574800000000,-0.0644464472000000
a764a9138b2856be8834000000000000,-0.2970306120000000,0.2871484520000001,0.0206068202000000
b17158128b2856be6635000000000000,-0.2725703959999999,0.3080706750000000,0.1141780380000000
74ed19108b2856beb436000000000000,-0.2603701440000000,0.2240029340000000,0.1887788210000000
b8de2f168b2856be7237000000000000,-0.2632697480000000,0.0715264992000000,0.2120300360000000
4136d5148b2856befd37000000000000,-0.2789295590000000,-0.0567139984000000,0.1836311250000000
f734980a8b2856be7338000000000000,-0.2994994960000000,-0.0897204833000000,0.1228014940000000
b271b3088b2856be183a000000000000,-0.3236594420000000,-0.0219183202000000,0.0596023032000000
76e1b50e8b2856be5c3b000000000000,-0.3476495140000000,0.0915195844000000,0.0082594033000000
2d90190c8b2856be2f3c000000000000,-0.3681696760000000,0.1625594870000000,-0.0522535699000000
edf5c1028b2856be6b3c000000000000,-0.3728700630000000,0.1319415210000000,-0.1222882090000000
df5d53018b2856be3c3d000000000000,-0.3705199910000000,0.0577425714000000,-0.2012685240000000
ec1ef6078b2856be0e3e000000000000,-0.3726399820000000,0.0080913306400000,-0.2392499280000000
78961d068b2856be563e000000000000,-0.3654603690000000,0.0108404735000000,-0.1983118090000000
576779048b2856be6640000000000000,-0.3436107110000000,0.0413662350000000,-0.0907747909000000
5de7cff974d7a941cb41000000000000,-0.2993310889999999,0.0698925833000000,0.0414019652000000
7f35f6ff74d7a9417242000000000000,-0.2612705490000000,0.0715324158000000,0.1577180380000000
5f7d53fe74d7a941c642000000000000,-0.2536598740000000,0.0328281187000000,0.1979701260000000
00139afc74d7a9414b43000000000000,-0.2696294419999999,-0.0075977767500000,0.1549515570000000
d8dd74f374d7a9414045000000000000,-0.3036290820000001,-0.0218680324000000,0.0736277955000000
793167f174d7a9414d46000000000000,-0.3451091990000000,-0.0091365872600000,0.0191764725000000
c74014f774d7a941b746000000000000,-0.3692597390000000,0.0137595167000000,0.0377108093000000
eafa2ff574d7a9417847000000000000,-0.3782196580000000,0.0313386778000000,0.1078282720000000
40d70beb74d7a9416748000000000000,-0.4023893160000000,0.0449997318000000,0.1799885870000000
7af7f2e974d7a9414049000000000000,-0.4257097300000000,0.0523049100000000,0.2275992260000000
f0af29ef74d7a941d849000000000000,-0.4347397479999999,0.0545379577000000,0.2586193970000000
5e1dbaed74d7a941b84a000000000000,-0.4483296760000001,0.0562979676000000,0.2797696850000000
1b372aec74d7a941b94b000000000000,-0.4591200180000000,0.0596809100000000,0.2863300090000000
615424e374d7a941c84b000000000000,-0.4604999370000000,0.0623759595000000,0.2850599820000000
09972fe274d7a9412d4c000000000000,-0.4624600090000000,0.0650640153000000,0.2846600000000000
041445e174d7a941504c000000000000,-0.4631700090000001,0.0642910072000000,0.2840800180000000
c37ae9e774d7a941794d000000000000,-0.4632500180000000,0.0645339883000000,0.2839299820000000
a58f72e674d7a941914e000000000000,-0.4633100090000000,0.0645159793000000,0.2839300000000001
e17489e474d7a941c04e000000000000,-0.4633700090000000,0.0645369910000000,0.2839100000000000
e05e2bdb74d7a941a150000000000000,-0.4633000090000000,0.0645310027000000,0.2839200090000000
c8357ada74d7a9412052000000000000,-0.4632300000000000,0.0645230072000000,0.2840900000000000
1c1958d974d7a9415f52000000000000,-0.4630100090000000,0.0645090108000000,0.2843999910000000
ea5b9adf74d7a941f853000000000000,-0.4629400000000000,0.0645070090000000,0.2845200000000000
0f2726df74d7a9410a54000000000000,-0.4630200000000000,0.0644160045000000,0.2846900000000000
f1c3aede74d7a941bb54000000000000,-0.4628600000000000,0.0645250000000000,0.2846900000000000
291167de74d7a941d654000000000000,-0.4628900000000000,0.0645990018000000,0.2847000000000000
0ecb3cdd74d7a9410855000000000000,-0.4629100000000000,0.0644669973000000,0.2846600000000000
042e9ed374d7a9411156000000000000,-0.4629100090000000,0.0645049964000000,0.2846300000000000
6c3446d374d7a9412d56000000000000,-0.4630500090000000,0.0646109946000000,0.2844500000000000
f02d61d274d7a941a756000000000000,-0.4629200090000000,0.0645900036000000,0.2844500000000000
ad07b5d074d7a941ba57000000000000,-0.4629200000000000,0.0645769964000000,0.2845300000000000
0502e6d774d7a941cc57000000000000,-0.4628800000000000,0.0647170018000000,0.2846100090000000
722c68d674d7a9418c58000000000000,-0.4628500000000000,0.0646680018000000,0.2845600000000000
d1c197d474d7a9414e59000000000000,-0.4629200000000000,0.0646470027000000,0.2845500090000000
850dc8cb74d7a941b759000000000000,-0.4629500090000000,0.0646079937000000,0.2845300000000000
118a1aca74d7a9414b5a000000000000,-0.4628700090000000,0.0645759982000000,0.2845800000000000
cb7a3ac974d7a941b95a000000000000,-0.4627900090000000,0.0646189928000000,0.2845900000000000
49286dc874d7a941715b000000000000,-0.4629200000000000,0.0646889973000000,0.2846700000000000
11e59ace74d7a941965b000000000000,-0.4629200000000000,0.0646030009000000,0.2845400090000000
0386f9cd74d7a941745c000000000000,-0.4629800090000000,0.0646859982000000,0.2844899910000000
5e110ccc74d7a941055d000000000000,-0.4629700000000000,0.0647050027000000,0.2846000000000000
04b15bc374d7a941275d000000000000,-0.4628800090000000,0.0646480027000000,0.2846100090000000
4e50f1c174d7a941c35d000000000000,-0.4628900090000000,0.0646109973000000,0.2845500000000000
408133c074d7a941435e000000000000,-0.4629400000000000,0.0646860018000000,0.2844600000000000
b47361c774d7a9410d5f000000000000,-0.4630400000000000,0.0646510027000000,0.2843900000000000
f3a58bc574d7a9412f5f000000000000,-0.4631000000000001,0.0647340027000000,0.2843000090000000
e4200ac474d7a9410860000000000000,-0.4630800090000000,0.0647039964000000,0.2841800000000000
061946bb74d7a941fe60000000000000,-0.4631100000000000,0.0647420018000000,0.2842400000000000
3274d5b974d7a9411861000000000000,-0.4631900000000000,0.0647650018000000,0.2841800000000000
22b2b5b874d7a9415661000000000000,-0.4630600090000000,0.0647419982000000,0.2843000000000000
df7dfabf74d7a941ca61000000000000,-0.4630000000000000,0.0647830009000000,0.2845999910000000
e7a60bbe74d7a941f361000000000000,-0.4628999999999999,0.0647269973000000,0.2847200000000000
907367bd74d7a9419f62000000000000,-0.4628500000000000,0.0647649991000000,0.2846300000000000
fa2db5b374d7a9414463000000000000,-0.4630100000000000,0.0647559991000000,0.2845400000000000
0d7d29b274d7a9416664000000000000,-0.4630300090000000,0.0647670000000000,0.2843600000000001
78817eb174d7a9419364000000000000,-0.4631200000000000,0.0647809982000000,0.2842899999999999
ed7b6cb074d7a941b664000000000000,-0.4631400000000000,0.0646870000000000,0.2843900000000000
9c80e6b674d7a941b065000000000000,-0.4629900090000000,0.0647049991000000,0.2843999910000000
5498feb574d7a9417a66000000000000,-0.4629900000000000,0.0647929928000000,0.2844300090000000
cdf424b474d7a941b966000000000000,-0.4630400090000000,0.0648360027000000,0.2844000000000000
67f36eab74d7a9415a67000000000000,-0.4630900000000000,0.0648430036000000,0.2843600000000001
fcb491a974d7a9414568000000000000,-0.4630700090000000,0.0647590000000000,0.2842800090000000
f883b4a874d7a941b168000000000000,-0.4629900090000000,0.0647370063000000,0.2842500090000000
466a72af74d7a941e668000000000000,-0.4631499910000000,0.0647199991000000,0.2842500000000000
c62bb8ad74d7a9414969000000000000,-0.4630000090000000,0.0646139955000000,0.2843500000000000
1dbc5eac74d7a941156a000000000000,-0.4630299999999999,0.0647739937000000,0.2843700000000000
0c02a9a274d7a941516a000000000000,-0.4631000000000001,0.0647960018000000,0.2844800000000000
3b4a8fa074d7a941636b000000000000,-0.4634599730000000,0.0645950009000000,0.2843300090000001
564bd0a774d7a941eb6b000000000000,-0.4637200090000001,0.0646740171000000,0.2839000000000000
f70eaba574d7a941cc6c000000000000,-0.4637200000000001,0.0647659946000000,0.2838800000000000
6654d7a474d7a941326d000000000000,-0.4635699820000000,0.0644441044000000,0.2839300180000000
05fd359b74d7a9410c6e000000000000,-0.4636899640000000,0.0652030396000000,0.2840200000000000
7c4c929974d7a9418d6e000000000000,-0.4638499819999999,0.0651260612000000,0.2842000090000000
b1bb869f74d7a9416a6f000000000000,-0.4636899550000000,0.0650570594000000,0.2842800270000000
c36b929e74d7a941ce6f000000000000,-0.4636300090000000,0.0648690288000000,0.2844600090000000
d654ed9d74d7a9411a70000000000000,-0.4637199910000000,0.0656269757000000,0.2844800090000000
58f4199c74d7a941be70000000000000,-0.4637100270000000,0.0654289505000000,0.2844000000000000
6d6faf9274d7a9410272000000000000,-0.4636100180000000,0.0656219568000000,0.2842399910000000
2b6f4d9274d7a9414572000000000000,-0.4636200090000000,0.0654299721000000,0.2843899910000000
faef309174d7a9416d73000000000000,-0.4634300090000000,0.0652039991000000,0.2847399910000000
5609409074d7a941f773000000000000,-0.4633600000000000,0.0651800045000000,0.2847200000000000
8afbfc9674d7a9410675000000000000,-0.4634099909999999,0.0653200009000000,0.2845700090000000
26d6389574d7a9414b75000000000000,-0.4633700000000000,0.0653720081000000,0.2845000000000000
7f3a878b74d7a9416c75000000000000,-0.4633600000000000,0.0653050090000000,0.2846600000000000
15b5518b74d7a9418475000000000000,-0.4633500000000000,0.0652820081000000,0.2848000090000000
55620c8974d7a9415a76000000000000,-0.4632600090000000,0.0652640063000000,0.2847799910000000
f5ab8c8f74d7a9411477000000000000,-0.4632100090000001,0.0653429892000000,0.2848400000000000
2853788e74d7a941a777000000000000,-0.4632700090000000,0.0652419937000000,0.2848800000000000
ea68a48c74d7a941e977000000000000,-0.4632900000000000,0.0653419973000000,0.2848000000000000
b8123a8374d7a9416b78000000000000,-0.4633800000000000,0.0653099982000000,0.2847899999999999
b5ca728274d7a9412479000000000000,-0.4632800090000001,0.0652369982000000,0.2849000090000000
cfcd338074d7a941c77a000000000000,-0.4633000000000000,0.0653299991000000,0.2849000000000000
c494998674d7a941137b000000000000,-0.4634100000000000,0.0652459955000000,0.2847700000000000
1d53638674d7a941277b000000000000,-0.4633000090000000,0.0652320045000000,0.2848099910000000
97fbe68474d7a941e17c000000000000,-0.4632400090000000,0.0652140027000000,0.2849000000000000
e3518d7a8b2856be1e7e000000000000,-0.4632600000000000,0.0653549982000000,0.2849700000000000
ecbcdd798b2856be497e000000000000,-0.4632800090000001,0.0653960009000000,0.2849400090000000
e43a46788b2856be777e000000000000,-0.4632900090000000,0.0653600018000000,0.2848200000000000
e23ea97e8b2856bef97e000000000000,-0.4633100090000000,0.0652979973000000,0.2846100090000000
c059a27c8b2856bee77f000000000000,-0.4633999999999999,0.0652800009000000,0.2846200000000000
531d1e738b2856be2c80000000000000,-0.4634400090000000,0.0653719964000000,0.2847899910000000
3e51d2718b2856be5a80000000000000,-0.4633200090000000,0.0654209973000000,0.2848500000000000
9f1644708b2856beb180000000000000,-0.4633500000000000,0.0652780000000000,0.2847400000000000
9ce4eb768b2856be4181000000000000,-0.4634700000000000,0.0653250000000000,0.2845800000000000
72b253758b2856be6281000000000000,-0.4634700090000000,0.0652729964000000,0.2845700000000000
183ddb6b8b2856be7382000000000000,-0.4634100000000000,0.0652649973000000,0.2847799910000000
73b89a698b2856beb583000000000000,-0.4632000000000000,0.0654359838000000,0.2847100000000001
2d66b4688b2856be0984000000000000,-0.4633499909999999,0.0654440117000000,0.2847400000000000
fd3a296f8b2856be5c84000000000000,-0.4633900090000000,0.0653450135000000,0.2846900000000000
a3f4596e8b2856bead84000000000000,-0.4634999910000000,0.0653099577000000,0.2846000000000000
9dc7b16c8b2856bee584000000000000,-0.4633900090000000,0.0650670657000000,0.2846900000000000
ee440a638b2856bee785000000000000,-0.4632299910000000,0.0652819658000000,0.2848300000000000
67d24c628b2856bead86000000000000,-0.4633399999999999,0.0654090018000000,0.2846500000000001
fdbeaf608b2856be3787000000000000,-0.4633100000000000,0.0653560198000000,0.2847800000000000
94afc9678b2856be7587000000000000,-0.4634200000000000,0.0653320090000000,0.2849000000000000
223979668b2856be0d88000000000000,-0.4633100090000000,0.0653810081000000,0.2848900000000000
e63ffd648b2856be8a88000000000000,-0.4633299910000000,0.0652630027000000,0.2848500000000000
0a43005b8b2856bedd88000000000000,-0.4634400000000000,0.0652359991000000,0.2847800000000000
75a07c5a8b2856be3489000000000000,-0.4633100000000000,0.0655179910000000,0.2847400000000000
c811dc588b2856be8689000000000000,-0.4632600000000000,0.0655380261000000,0.2846800000000000
3c077c5f8b2856be478a000000000000,-0.4632300000000000,0.0652280009000000,0.2849999910000000
e527b35d8b2856be008b000000000000,-0.4633600000000000,0.0653089820000000,0.2849100000000000
05d7f55c8b2856be7a8b000000000000,-0.4631800090000000,0.0653049937000000,0.2848700000000000
9ebc33538b2856bef88b000000000000,-0.4632500000000000,0.0653430027000000,0.2849399910000000
abb792518b2856be358c000000000000,-0.4633699910000000,0.0653399982000000,0.2849699910000000
af3f0a508b2856be978c000000000000,-0.4633900000000000,0.0655459901000000,0.2848000180000000
7ae866578b2856be358d000000000000,-0.4634500000000000,0.0654659955000000,0.2848499910000000
f83d4d558b2856bef08d000000000000,-0.4634700090000000,0.0651419883000000,0.2847800090000000
693b854b8b2856be8c8e000000000000,-0.4631700000000001,0.0654649856000000,0.2846300000000000
8610954a8b2856be278f000000000000,-0.4629799910000000,0.0656530009000000,0.2850399910000000
3646cc498b2856be3d8f000000000000,-0.4627499910000000,0.0653420045000000,0.2857999910000000
73f95a488b2856bebd8f000000000000,-0.4634299550000000,0.0655249757000000,0.2841200720000000
76ec004e8b2856be4390000000000000,-0.4632300090000000,0.0656009982000000,0.2842699730000001
df6cf84d8b2856bee890000000000000,-0.4632599910000000,0.0656229901000000,0.2852300090000000
7377584c8b2856be7491000000000000,-0.4635099910000000,0.0659249595000000,0.2845400540000000
24ec8c428b2856be7292000000000000,-0.4634899820000000,0.0677178551000000,0.2840000539999999
fc3879418b2856be4093000000000000,-0.4653399999999999,0.0788636706000000,0.2759902250000000
6e32b7458b2856be7094000000000000,-0.4693799010000000,0.1005893268000000,0.2648703240000000
8922d1448b2856be2195000000000000,-0.4646304320000000,0.1321093160000000,0.2403107470000000
7cc7583b8b2856be6596000000000000,-0.4293710980000000,0.1530897660000000,0.2049107290000000
b31aee398b2856be1597000000000000,-0.3864602880000000,0.1580799460000000,0.1828601620000000
42a335388b2856be5797000000000000,-0.3950098020000000,0.1583700810000000,0.1887996580000000
3086373e8b2856be5098000000000000,-0.3715813050000000,0.1492903150000000,0.2031297030000000
9dc3223c8b2856bedb99000000000000,-0.2861423130000000,0.1314304410000000,0.2101599550000000
0b966e338b2856be219a000000000000,-0.1905819890000000,0.1129703600000000,0.2090800360000000
f29e26318b2856bea49a000000000000,-0.1275008010000000,0.1054399820000000,0.2131697750000000
4bf367308b2856be0a9b000000000000,-0.1070702610000000,0.1134696760000000,0.2256397480000001
6410ae368b2856be5f9b000000000000,-0.1072897390000000,0.1313895500000000,0.2313400000000000
b360d8358b2856bec19b000000000000,-0.1288093700000000,0.1527494960000000,0.2276401440000000
c7982a348b2856be8c9c000000000000,-0.1507700270000000,0.1738395680000000,0.2189902610000000
afb0ec2b8b2856beb89c000000000000,-0.1310008100000000,0.1915096040000000,0.2016205400000000
4c21f42a8b2856be259d000000000000,-0.0874786084000000,0.2108094510000000,0.1764704950000000
f2306e298b2856be269e000000000000,-0.0919294717000000,0.2372993700000000,0.1615601710000000
2a4166288b2856be109f000000000000,-0.1135197750000000,0.2657494240000000,0.1606098650000000
fbf2e02e8b2856be72a0000000000000,-0.0937649378000000,0.2872295860000000,0.1735996580000000
e1674d2d8b2856be5da1000000000000,-0.0432492384000000,0.3054195320000000,0.1872797480000000
da369e238b2856bef1a1000000000000,0.0007356811692000,0.3320992620000000,0.1981697300000000
e24669238b2856be42a2000000000000,0.0194968947000000,0.3733188570000000,0.2124396220000000
266458228b2856be33a3000000000000,0.0240876472000000,0.4267188029999999,0.2336596490000000
283647218b2856be9da3000000000000,0.0543562881000000,0.4809787220000001,0.2464995950000000
c93a5b208b2856be78a4000000000000,0.0796625977000000,0.5365987759999999,0.2750491810000000
0cc2eb268b2856be5fa5000000000000,0.0843842052000000,0.5960085150000001,0.3161189920000000
a9ee6b258b2856be36a6000000000000,0.0629316687000000,0.6700581820000000,0.3658387580000000
60ca931b8b2856be54a7000000000000,0.0342664356000000,0.7547780830000000,0.4314285059999999
4936691a8b2856be5ea8000000000000,0.0351125788000000,0.8405780379999999,0.5024983529999999
5d74b7188b2856be52a9000000000000,0.0673840964000000,0.9287980289999999,0.5751384520000000
85f0411f8b2856bedea9000000000000,0.1201485960000000,1.0155981100000002,0.6407085420000000
c662cb1d8b2856be53aa000000000000,0.1753889650000000,1.0968982899999999,0.7096683260000001
2dc35d1c8b2856be40ab000000000000,0.2091494690000000,1.1717982899999999,0.7890781460000000
0ff6dd128b2856bea6ab000000000000,0.2274596940000000,1.2463983800000000,0.8749780289999999
6b5442118b2856be21ac000000000000,0.2386299010000000,1.3197982900000000,0.9622380020000000
6f97e8178b2856becfac000000000000,0.2321702610000000,1.3911984700000000,1.0521979300000002
2bf31c168b2856be44ad000000000000,0.2257999010000000,1.4570986500000003,1.1380981999999999
3a0b90148b2856be10ae000000000000,0.2443193700000000,1.5179986500000000,1.2195982000000001
935b130b8b2856be7eae000000000000,0.2720093789999999,1.5713989200000000,1.2976982900000000
e8e18e098b2856be30af000000000000,0.2899999280000000,1.6132991899999998,1.3768982000000001
362c0e088b2856be0eb0000000000000,0.2807004050000000,1.6435994599999999,1.4606980200000002
e4b1960e8b2856bec2b0000000000000,0.2647500990000000,1.6714992800000001,1.5546978399999998
085e260d8b2856be8bb1000000000000,0.2792293519999999,1.7065990999999996,1.6528977499999999
e4cd1e0c8b2856beebb1000000000000,0.3117994060000000,1.7442991900000002,1.7519977499999999
242366038b2856beadb2000000000000,0.3262099100000000,1.7770992799999996,1.8570975700000003
6603b2018b2856be7eb3000000000000,0.3237901530000000,1.8077992800000000,1.9708973900000002
03a1bb008b2856bed2b3000000000000,0.3302895320000000,1.8421991899999999,2.0934972100000002
91477d078b2856be1ab5000000000000,0.3649691270000000,1.8797991000000001,2.2207971199999998
a002cc058b2856bec7b5000000000000,0.4007389470000000,1.9251988300000000,2.3558968500000002
54ae59048b2856bea3b6000000000000,0.4604685329999999,1.9830986500000001,2.4946967599999996
f9d6defa74d7a94165b7000000000000,0.5117391179999999,2.0442986499999996,2.6397966700000000
024158f974d7a9411bb8000000000000,0.5407593520000000,2.1005988300000000,2.7837968499999994
05b6d5ff74d7a941c9b8000000000000,0.5800488570000000,2.1495989199999999,2.9165971200000000
9c6c3bfe74d7a94143b9000000000000,0.6296591269999999,2.1912991900000001,3.0448971200000003
9f57b2fc74d7a941c4b9000000000000,0.6591793520000000,2.2276992799999999,3.1805968500000001
72882cf374d7a94166ba000000000000,0.7010487490000000,2.2624991899999998,3.3211970300000004
b26dc6f174d7a9410abb000000000000,0.7666281280000000,2.3021991000000002,3.4582968500000000
9ceba8f774d7a941e0bb000000000000,0.8614677410000000,2.3520987400000002,3.5946969400000004
e476eff674d7a9418bbc000000000000,0.9578677050000001,2.4170984700000004,3.7338967600000004
bea294f474d7a941a3bd000000000000,1.0716973000000003,2.4860984700000004,3.8740969399999998
ea4314eb74d7a94156be000000000000,1.1753980200000000,2.5519985600000004,4.0068972100000000
68a274ea74d7a941f5be000000000000,1.2411989200000002,2.6097988299999999,4.1279973900000000
337dd9e874d7a94163bf000000000000,1.2677997300000001,2.6452995499999998,4.2365976600000002
45d60cef74d7a941cbbf000000000000,1.2671001799999999,2.6607997299999999,4.3336979300000005
cb19a5ed74d7a941bbc0000000000000,1.2639996400000000,2.6703998200000001,4.4234979299999999
80a107ec74d7a94127c1000000000000,1.2954991000000002,2.6737999100000001,4.5120981999999996
180596e274d7a941d3c1000000000000,1.3508984700000002,2.6745999999999994,4.5904981999999990
2ba766e174d7a9417fc2000000000000,1.4321982899999999,2.6728000900000004,4.6694981100000001
405fade774d7a941fdc2000000000000,1.4717996400000000,2.6704000899999998,4.7589978400000001
ea5247e674d7a941b9c3000000000000,1.4733002700000002,2.6682000000000006,4.8521979300000000
f5efc3e474d7a941f0c4000000000000,1.4541002699999999,2.6710998200000002,4.9509978399999994
c34d29db74d7a9417ac5000000000000,1.4711991000000002,2.6867995499999995,5.0619973900000002
60160dd974d7a9415ac6000000000000,1.5270984699999999,2.7071994599999996,5.1807973000000000
dc8e4dd874d7a941cec6000000000000,1.5862991900000001,2.7333991900000001,5.3085969400000002
4d3bd2de74d7a9417ec7000000000000,1.6001000000000001,2.7782987400000003,5.4546964899999999
0704a4dc74d7a94143c8000000000000,1.5945002699999999,2.8392985600000000,5.6118964000000009
ba0e0bd374d7a941f8c8000000000000,1.5856000900000000,2.8951989199999999,5.7706965800000001
cf6b92d174d7a941b8c9000000000000,1.5957995500000000,2.9445989199999998,5.9131970300000001
f2f0f3d074d7a94138ca000000000000,1.6323989200000002,2.9902990100000002,6.0401972999999991
cce07ed774d7a941d6ca000000000000,1.6841990099999997,3.0343990100000000,6.1488976600000012
f97c37d574d7a94147cb000000000000,1.7125996399999999,3.0771990099999997,6.2517977500000006
75ceb4cb74d7a941a6cb000000000000,1.7202998199999999,3.1178991000000003,6.3508977499999997
50d401ca74d7a9411dcc000000000000,1.7356993699999999,3.1538991900000002,6.4409982000000001
55b076c974d7a941a9cc000000000000,1.7563998199999999,3.1854993700000005,6.5208982000000004
3d3ed8cf74d7a94121cd000000000000,1.7554002700000002,3.2117994599999999,6.6017982000000002
b0e6abcd74d7a941a1cd000000000000,1.7423002699999999,3.2405992800000001,6.6793984700000006
11e9e5cc74d7a9411ece000000000000,1.7463995500000000,3.2721992800000006,6.7404988299999999
d6c8aec274d7a941b6ce000000000000,1.7806990099999997,3.3018993700000001,6.7904990099999996
33fc59c174d7a94155cf000000000000,1.8291991000000001,3.3322993699999999,6.8294991900000008
c452dcc774d7a941decf000000000000,1.8549997300000001,3.3614993700000002,6.8636992799999996
3230eac674d7a94152d0000000000000,1.8506004500000000,3.3910993700000005,6.8948993699999992
95320dc574d7a941a1d1000000000000,1.8238005400000001,3.4182993699999997,6.9262991899999991
ff7d2dc474d7a941efd1000000000000,1.8179997300000001,3.4433994600000002,6.9566994600000012
417912bb74d7a94139d2000000000000,1.8367996400000002,3.4696993700000003,6.9893991899999994
561c22ba74d7a94105d3000000000000,1.8385000899999999,3.4994993700000001,7.0272990999999996
b58084b874d7a941c4d3000000000000,1.8545992800000002,3.5323991900000000,7.0661990100000009
999915bf74d7a9419dd4000000000000,1.8998987399999998,3.5680991899999999,7.1098990099999995
b1e395bd74d7a941b1d5000000000000,1.9493990999999999,3.6036991899999999,7.1666983799999997
daf7eebc74d7a9413bd6000000000000,1.9840992800000001,3.6377992799999999,7.2524976599999995
9eb275b374d7a9414ed7000000000000,2.0082997300000001,3.6717991000000008,7.3658973000000003
3080ecb174d7a941ecd7000000000000,2.0072003599999997,3.7201986499999999,7.4921971200000002
34b4e4b774d7a94115d9000000000000,1.9766009899999999,3.7922981999999998,7.6174972099999998
f02d7fb674d7a941e2d9000000000000,1.9242010800000000,3.8740982000000002,7.7365974799999995
ef05d0b474d7a94191da000000000000,1.8887004500000000,3.9514982000000001,7.8415976599999997
85e35bab74d7a94121db000000000000,1.8956994599999997,4.0275982899999994,7.9618970300000012
d456d4a974d7a941b8db000000000000,1.9171996399999998,4.1021983799999999,8.1116963100000010
9c405ba874d7a94148dc000000000000,1.9334993699999998,4.1755983800000003,8.2863958600000007
4ad7ceae74d7a941ebdc000000000000,1.9880982900000002,4.2458983799999999,8.4693958600000006
36be51ad74d7a941b7dd000000000000,2.0743981099999997,4.3142983800000003,8.6435960399999985
25e2e0a374d7a94198de000000000000,2.1523985600000000,4.3910981099999997,8.8161962200000001
ce215aa274d7a94145df000000000000,2.2122987400000000,4.4845978400000002,8.9768965800000018
c3c8a1a074d7a941d1df000000000000,2.2843980200000003,4.5842978399999996,9.1148971200000002
255e21a774d7a941aae0000000000000,2.3784980199999999,4.6806979300000000,9.2269976599999985
48c258a674d7a94110e1000000000000,2.4529985600000002,4.7735979300000002,9.3281977499999993
ebcc55a574d7a941f7e1000000000000,2.5057990099999996,4.8653978400000000,9.4268977499999984
f9f1df9b74d7a941f4e2000000000000,2.5387992800000001,4.9576978400000007,9.5207981099999994
b1fa789a74d7a9417be3000000000000,2.5743990999999999,5.0557976599999996,9.5950985600000003
741a2f9874d7a94131e4000000000000,2.6057996400000003,5.1611975700000006,9.6522988299999994
2d5e3b9f74d7a941cbe4000000000000,2.5991004499999999,5.2719974799999996,9.6992990099999989
35ac969d74d7a9419ce6000000000000,2.5683008999999997,5.3844974799999994,9.7370992799999989
c082dd9c74d7a94190e7000000000000,2.5211009900000003,5.4949975700000007,9.7624996400000015
b3ac109374d7a9414ae8000000000000,2.4891004500000000,5.5987976599999998,9.7704999099999998
6ee65d9274d7a941d7e8000000000000,2.4875995500000001,5.6996976600000000,9.7693000899999998
2a57969074d7a94126e9000000000000,2.5280988299999998,5.8048975699999996,9.7660000000000000
b5c5db9774d7a94117ea000000000000,2.5924984699999993,5.9036978399999995,9.7546002699999992
1e01b79674d7a9415cea000000000000,2.6774977500000006,5.9953979299999993,9.7333006300000005
b970009574d7a941afeb000000000000,2.7693982000000004,6.0816981099999996,9.7015008099999989
9459049474d7a94122ec000000000000,2.8309990100000002,6.1622982000000004,9.6658007200000018
65b6f68b74d7a94125ed000000000000,2.8525000000000000,6.2345984699999999,9.6294009900000006
dd932b8a74d7a9410dee000000000000,2.8381005399999997,6.2969986499999999,9.5832010800000003
b5e0688974d7a94157ef000000000000,2.8015009899999996,6.3491990099999995,9.5311011699999995
5f7d9b8f74d7a941e9ef000000000000,2.7528009900000003,6.3924991000000002,9.4816011700000011
2cc8c78e74d7a9413ff0000000000000,2.7292002699999998,6.4311992799999995,9.4277013499999995
a4faac8d74d7a941ddf0000000000000,2.7298997300000001,6.4608995499999997,9.3666014399999984
5998808c74d7a94118f1000000000000,2.7481995500000003,6.4757997299999994,9.2962016199999997
02883a8c74d7a94129f1000000000000,2.7549000900000000,6.4844998199999999,9.2282014399999994
f096448374d7a941c8f1000000000000,2.7392005399999997,6.4881000000000002,9.1642015299999979
92b5718274d7a9415ff2000000000000,2.7017011700000002,6.4839001800000000,9.0896018900000009
431e9a8074d7a9419df3000000000000,2.6413015300000002,6.4755002700000004,8.9958023399999991
56b7a68774d7a9418ef4000000000000,2.5595020699999997,6.4525006299999994,8.8901024300000007
b490ef8674d7a941a9f5000000000000,2.4783015300000000,6.4312003599999992,8.7875023400000014
a31e1e8574d7a94166f6000000000000,2.4309006299999996,6.4273999100000001,8.6817023399999993
0637548474d7a941f4f6000000000000,2.4203999999999999,6.4478992799999997,8.5719024299999997
e85d407b8b2856be7cf7000000000000,2.4018009000000000,6.4880989200000005,8.4707020699999998
becb177a8b2856bedaf7000000000000,2.3671005400000000,6.5371989200000007,8.3809019800000009
73a947798b2856be70f8000000000000,2.3594999100000003,6.5776991900000006,8.2907020699999983
2bf8a07f8b2856be54f9000000000000,2.3679000000000006,6.6094993700000000,8.2014018899999996
efb1997e8b2856be97f9000000000000,2.3516006299999996,6.6271997300000001,8.1236016199999987
86f67c7e8b2856be5cfa000000000000,2.3115009000000000,6.6302000000000003,8.0547015299999991
95499e7c8b2856bed7fb000000000000,2.2832002700000000,6.6195003600000009,7.9770018900000004
c58b54738b2856beeafc000000000000,2.2831997300000002,6.5953007199999991,7.8890019799999997
ae9aa0718b2856be85fd000000000000,2.2890000900000000,6.5638007199999997,7.8051017100000006
2f96b6708b2856be0ffe000000000000,2.2737005399999997,6.5346006300000008,7.7321015299999996
28cd0c778b2856be8cfe000000000000,2.2415009000000001,6.5065007200000000,7.6704012600000011
76048f758b2856be3aff000000000000,2.2004009900000003,6.4657011700000000,7.6139012600000013
a38ad6748b2856be0a00010000000000,2.1692005399999998,6.4029018000000004,7.5542013499999996
91be2c6b8b2856bec400010000000000,2.1333012600000001,6.3203018000000002,7.4937013500000003
e769766a8b2856be9801010000000000,2.0560018899999997,6.2393017999999998,7.4361013500000004
3695f4688b2856be7a02010000000000,1.9888011699999999,6.1603018000000009,7.3633018899999989
bbfc6c6f8b2856be3b03010000000000,1.9605001800000001,6.0831015300000004,7.2715022500000002
4bbb936c8b2856beee03010000000000,1.9619998199999999,6.0203012599999992,7.1634025200000000
fafdb9638b2856be7f04010000000000,1.9618002699999999,5.9705010800000000,7.0543024299999999
e1732c628b2856be0605010000000000,1.9355009000000001,5.9167013499999994,6.9532020700000006
a57594608b2856be8e05010000000000,1.8854011700000000,5.8462018899999997,6.8670017999999997
14a810678b2856bef405010000000000,1.8433007200000000,5.7537022499999999,6.7819019800000016
5a9db2658b2856beb706010000000000,1.8013010800000000,5.6488023399999996,6.6924020700000000
d37728648b2856be6607010000000000,1.7419015299999998,5.5442022499999997,6.5970022500000010
38bfbf5a8b2856be1008010000000000,1.6679015300000000,5.4403023399999997,6.4921026099999990
edd888588b2856bee108010000000000,1.6145008999999999,5.3363023399999996,6.3577033300000005
f38b225f8b2856be4f0a010000000000,1.5657012600000002,5.2364021599999999,6.2080033299999995
c87c745e8b2856bed00a010000000000,1.5027014399999998,5.1494017999999997,6.0612032400000002
1d4bf75c8b2856be830b010000000000,1.4330016200000000,5.0796013499999999,5.9248028800000005
611564538b2856bef30b010000000000,1.3581018000000002,5.0262010800000008,5.8079023400000001
cbfbe5518b2856be6c0c010000000000,1.2743019800000002,4.9785011700000004,5.7137019800000006
572a4a508b2856bee80c010000000000,1.1920016199999999,4.9246012600000002,5.6369016199999997
f963cc568b2856be830d010000000000,1.1356010799999998,4.8687011699999996,5.5662015300000007
0fc33a558b2856be140e010000000000,1.0839013500000001,4.8163010799999997,5.5058010799999995
d063ae4b8b2856beab0e010000000000,1.0144017100000000,4.7660011700000000,5.4655007199999996
c130df498b2856be9d0f010000000000,0.9320519350000002,4.7195008999999999,5.4417003600000005
6099f6488b2856be1710010000000000,0.8483616830000000,4.6881005399999998,5.4249004500000000
9310284f8b2856be8e10010000000000,0.7895911700000000,4.6843996399999996,5.4049004500000004
1b9f884d8b2856be2411010000000000,0.7283415479999999,4.7107992799999998,5.3890001800000000
6942ce4c8b2856bed311010000000000,0.6508118810000000,4.7477990999999999,5.3960995499999989
2ee1ec438b2856be6712010000000000,0.5635119529999999,4.7887991000000003,5.4325989200000002
34b17a428b2856bef812010000000000,0.4915512690000000,4.8236993699999999,5.4855987399999995
1c3e2b408b2856be6e13010000000000,0.4521805130000000,4.8499995499999997,5.5440985600000001
699d93468b2856bedb13010000000000,0.4441198560000000,4.8668997300000001,5.6056986499999990
548fe7458b2856be6614010000000000,0.4642692710000000,4.8718000900000007,5.6626988300000001
010946448b2856bee114010000000000,0.5070590910000000,4.8601004500000000,5.7092990099999996
e09eac3a8b2856be7a15010000000000,0.5364595410000000,4.8335006299999996,5.7614986500000001
b29922398b2856be1116010000000000,0.5449799820000001,4.8047005400000007,5.8289982899999995
4320923f8b2856bea416010000000000,0.5398102969999999,4.7829004499999996,5.9050983800000001
254ffa3e8b2856be3f17010000000000,0.5145008010000000,4.7638003599999994,5.9719986500000006
1d034e3d8b2856becc17010000000000,0.4875704050000000,4.7475002699999997,6.0164994600000004
30a1aa338b2856be6918010000000000,0.4628608640000000,4.7393000000000001,6.0281998200000002
d0810e328b2856be2519010000000000,0.4123413230000000,4.7522993699999994,6.0384996399999995
93ba64318b2856beb119010000000000,0.3530211610000000,4.8032984700000005,6.0515997299999995
3c77c2378b2856be4a1a010000000000,0.3184103690000000,4.8995972999999999,6.0700993700000003
674415368b2856be001b010000000000,0.3199296220000000,5.0283969400000004,6.1120987399999995
c25b82348b2856bea01b010000000000,0.3335002250000000,5.1640970300000006,6.1817980199999996
a807e82b8b2856be431c010000000000,0.3060606750000000,5.2929971199999999,6.2829974799999997
c24d2d2a8b2856bed01c010000000000,0.2879100450000000,5.4149973899999999,6.3982974800000001
eec14f298b2856be2b1d010000000000,0.2984494780000000,5.5282974800000000,6.5144973000000004
9b5a892f8b2856bea01d010000000000,0.3372888300000000,5.6361975699999993,6.6301973900000002
d626bf2e8b2856bef41d010000000000,0.3946487040000000,5.7442975699999996,6.7388976600000010
d25dff2d8b2856be3f1e010000000000,0.4517086860000000,5.8497977500000005,6.8373977499999983
81cc5e2c8b2856be9a1e010000000000,0.5149884880000000,5.9521975700000000,6.9398976599999997
ec2ec4228b2856be2f1f010000000000,0.5849785060000000,6.0573976600000012,7.0529973900000007
648b32218b2856be971f010000000000,0.6386990280000000,6.1529979299999988,7.1685974799999999
fa3c98278b2856be0420010000000000,0.6687095320000001,6.2364982900000010,7.2844973000000000
65a8fb268b2856be8a20010000000000,0.6946490820000000,6.3031988300000004,7.3953977499999999
34325c258b2856be0221010000000000,0.7442687490000001,6.3538989200000007,7.4908979300000009
c5a6c81b8b2856be6e21010000000000,0.7912291989999999,6.4067987400000002,7.5831980200000002
f86c3a1a8b2856bee621010000000000,0.8177295769999999,6.4717984699999995,7.6586984700000000
489fbd188b2856be6222010000000000,0.8258500089999999,6.5398985600000010,7.7266983799999993
8e97241f8b2856bed122010000000000,0.8211801080000000,6.6016986500000003,7.8059982000000003
c8e9a71d8b2856be4a23010000000000,0.8336293880000000,6.6647985599999995,7.8828984700000007
cadd1c1c8b2856bec223010000000000,0.8609894959999999,6.7309984700000003,7.9462986500000001
7c65b7128b2856be4924010000000000,0.8665301980000001,6.8023982899999993,8.0050987400000011
0078fa118b2856becc24010000000000,0.8483005220000001,6.8814981099999990,8.0661985600000001
99c28b178b2856be4825010000000000,0.8195107199999999,6.9682980200000006,8.1326983799999990
120eea168b2856bed425010000000000,0.7906205940000000,7.0639977500000004,8.2041983799999993
3acf73158b2856be6d26010000000000,0.7792598289999999,7.1710975699999988,8.2861979299999984
26f3f20b8b2856be2e27010000000000,0.8025093339999999,7.2749978400000002,8.3855975699999998
8f0c550a8b2856beba27010000000000,0.8237397479999999,7.3645981100000011,8.4970973000000001
c3b9b3088b2856be9628010000000000,0.8299599820000000,7.4444983799999997,8.6241970299999995
27241d0f8b2856be4b29010000000000,0.8400595500000000,7.5055989200000006,8.7640967599999993
a1331f0e8b2856beec29010000000000,0.8735689469999999,7.5357996399999987,8.9102969399999985
d6d5300d8b2856bef32a010000000000,0.9249086950000001,7.5286004499999999,9.0297977500000002
55553b0c8b2856be6f2b010000000000,0.9696094510000000,7.4883013500000004,9.1093986499999993
9a2140038b2856bed32b010000000000,0.9880595770000001,7.4053024299999999,9.1395000900000003
757061028b2856be562c010000000000,1.0116995500000001,7.2824031500000004,9.0934018900000009
bf4b61018b2856be602d010000000000,1.0179000000000000,7.1289038699999985,8.9800033299999988
7fbfa4078b2856beae2e010000000000,1.0204999100000001,6.9411045899999992,8.7788056700000006
5e1f18068b2856bed22f010000000000,1.0218000899999999,6.7212051299999995,8.4857072900000006
5f6394048b2856bef830010000000000,1.0056006300000000,6.4929050400000001,8.1586072899999991
3c2e15fb74d7a9415132010000000000,0.9700709809999999,6.2828044099999998,7.8431068399999990
69927bfa74d7a941b432010000000000,0.9342004230000001,6.1122032399999995,7.5481063899999992
0066e2f874d7a9419233010000000000,0.9392593699999999,6.0036017999999993,7.2797055799999999
dc4743ff74d7a9411d34010000000000,0.9730592980000000,5.9552005399999999,7.0611042299999998
8cbf7afe74d7a941c534010000000000,0.9873602070000000,5.9474000000000000,6.9109026099999991
693dd8fc74d7a9413935010000000000,0.9412417730000000,5.9469000900000006,6.8235014400000003
3fae2bf374d7a941be35010000000000,0.8721812239999999,5.9415000899999990,6.7682009900000004
bd6687f174d7a9418736010000000000,0.8361004230000000,5.9394999999999998,6.7301007200000003
6c01d8f074d7a9413537010000000000,0.8351296670000000,5.9489994600000005,6.7092001800000007
1f78d9f774d7a9418137010000000000,0.8472697840000000,5.9862989199999994,6.7197993700000005
a15c42f674d7a941dd38010000000000,0.8553497839999999,6.0471986500000003,6.7645986499999999
dae090f474d7a9415339010000000000,0.8736193699999999,6.1059987399999995,6.8298983800000013
893bdaeb74d7a941c739010000000000,0.8955896940000000,6.1635987399999994,6.9187977500000004
82ce03ea74d7a941773a010000000000,0.8970802340000000,6.2151989200000006,7.0303972999999997
bcd252e974d7a941393b010000000000,0.8753807560000001,6.2599990100000005,7.1524973000000003
5cb223e874d7a9417d3b010000000000,0.8306713139999999,6.3057989200000000,7.2687974799999999
f5385def74d7a9415c3c010000000000,0.7822408010000000,6.3613984699999993,7.3732978399999993
305750ee74d7a941eb3c010000000000,0.7691198110000000,6.4482975699999994,7.4666979299999996
df5bdbec74d7a941cf3d010000000000,0.7955289830000000,6.5711970300000004,7.5679974799999998
cb01dce374d7a941963e010000000000,0.8413691539999999,6.6928973899999997,7.6920968500000004
900c4ee274d7a941eb3f010000000000,0.8723494869999999,6.8000978399999994,7.8429963099999993
16127ee174d7a941cb40010000000000,0.8819400539999999,6.8894982000000002,8.0141961300000002
0d7feae774d7a941a641010000000000,0.8703103870000001,6.9741980200000002,8.1780964000000012
728d17e674d7a9416a42010000000000,0.8495003150000000,7.0574982000000004,8.3379963099999976
9b5b78e574d7a9411043010000000000,0.8505695860000001,7.1217987399999991,8.5063960399999985
1a36f0db74d7a941bd43010000000000,0.8877988300000000,7.1718989200000003,8.6830960399999988
9d3ed7d974d7a9418344010000000000,0.9469888660000000,7.2182989200000005,8.8533962200000005
88b5fad874d7a941f544010000000000,0.9686801079999998,7.2694988299999999,9.0271959499999994
58d17adf74d7a941be45010000000000,0.9643198830000000,7.3135992800000000,9.2061959499999997
b1cd07dd74d7a9417946010000000000,0.9854992890000001,7.3328998200000006,9.3694965799999999
abc293d374d7a9412a47010000000000,1.0242989200000001,7.3305001799999996,9.5037973000000004
279903d274d7a9411348010000000000,1.0696989200000002,7.3206000899999992,9.6073978400000009
4eba3fd174d7a941a748010000000000,1.1107993700000001,7.3283996400000007,9.6982979299999990
4c3e98d774d7a941d349010000000000,1.1368992800000002,7.3496994600000010,9.7852981099999994
a945ddd674d7a941af4a010000000000,1.1804988300000003,7.3696995500000000,9.8622983800000004
dab442d574d7a9414e4b010000000000,1.2343989199999998,7.3867996399999987,9.9308984699999989
2bdca2cb74d7a9410a4c010000000000,1.2629996399999999,7.3921001799999999,10.0009987400000000
71c6faca74d7a941b74c010000000000,1.2676001800000001,7.3682008100000012,10.0679981999999999
ce5d40c974d7a941b64d010000000000,1.2637000000000003,7.3232010799999996,10.1209991000000006
57958bcf74d7a9414d4e010000000000,1.2809993700000000,7.2804009000000001,10.1529991000000006
e75fe5ce74d7a941534f010000000000,1.3195989200000000,7.2497005400000010,10.1660000000000004
9a7f2ecd74d7a9411750010000000000,1.3860982900000003,7.2283004499999999,10.1639999999999997
e4a980c374d7a941ab50010000000000,1.4639984699999999,7.2080006299999999,10.1380008999999998
aadac8c274d7a9413e51010000000000,1.5147992799999999,7.1755009000000003,10.0850018000000023
dc3812c174d7a941ac51010000000000,1.5311999100000000,7.1242014400000002,10.0080026999999987
ef926cc074d7a9414652010000000000,1.5193004500000000,7.0445020700000001,9.9089024299999995
c9ecb0c674d7a9410053010000000000,1.4858010800000001,6.9466021599999994,9.7968025200000000
315a1bc574d7a941f153010000000000,1.4346011700000001,6.8487022499999997,9.6980019799999990
910692bb74d7a941e254010000000000,1.3950006300000000,6.7429024300000000,9.6161018899999995
3bdebfba74d7a941ce55010000000000,1.3762003600000001,6.6308025199999996,9.5276020699999986
70300fb974d7a9415856010000000000,1.3518007200000000,6.5208025200000002,9.4355020700000001
601975b874d7a9415457010000000000,1.3217004500000002,6.4091025199999994,9.3371023399999995
b77eb5be74d7a941de57010000000000,1.3153999099999998,6.2976024300000004,9.2240026999999998
986117bd74d7a941cf58010000000000,1.3037005400000001,6.1913023400000000,9.1054025199999984
07e706bc74d7a9413159010000000000,1.2786006299999999,6.0856023399999994,8.9992022499999997
0ccc45b374d7a941675a010000000000,1.2433006300000000,5.9791023399999998,8.8969023400000005
da6a3db274d7a941d85a010000000000,1.2237002699999999,5.8757022499999998,8.7843026999999996
0bca71b174d7a941cc5b010000000000,1.2068006300000000,5.7709024299999996,8.6579028800000000
d406bfb774d7a941a55c010000000000,1.1647012600000002,5.6631024300000004,8.5266029700000008
b8f40bb674d7a9417d5d010000000000,1.1047015299999998,5.5578023400000003,8.3954028800000007
321056b574d7a9417d5e010000000000,1.0331015299999999,5.4592021600000002,8.2656029699999980
094eb3ab74d7a941595f010000000000,0.9813607830000000,5.3642021600000005,8.1338029700000014
7db0f4aa74d7a9410d60010000000000,0.9643300629999999,5.2690021600000003,8.0023030599999991
895b74a974d7a9410261010000000000,0.9665500900000000,5.1771019800000007,7.8665030599999994
d0dea2af74d7a941b061010000000000,0.9489706389999999,5.0936018000000001,7.7365027900000003
2113eeae74d7a9419f62010000000000,0.9081611700000001,5.0220014399999995,7.6122027000000001
191ad6ad74d7a941fc62010000000000,0.8458513950000000,4.9665010799999996,7.4909027900000007
70e50cac74d7a941d863010000000000,0.7942008640000000,4.9189009900000000,7.3614030599999998
2e6240a374d7a9419564010000000000,0.7657504500000000,4.8720010799999995,7.2189032399999995
395e3fa274d7a9411765010000000000,0.7360209540000000,4.8181012599999997,7.0756031500000001
6bf186a074d7a9411066010000000000,0.6836513949999999,4.7606013500000000,6.9377030600000005
c567f8a774d7a9410f67010000000000,0.6129717730000001,4.6985014400000003,6.8030030599999991
e7242fa674d7a941ef67010000000000,0.5475110980000001,4.6325015299999999,6.6635032399999998
23838aa474d7a941c468010000000000,0.5109304950000000,4.5665014399999988,6.5227031499999999
1f9af49b74d7a9419169010000000000,0.4824808100000000,4.5034013499999999,6.3902027900000009
28a10a9a74d7a941346a010000000000,0.4356010710000000,4.4412014400000004,6.2742024300000008
a7e2079974d7a941a26a010000000000,0.4003604500000000,4.3781014400000000,6.1660024299999998
90c5f19f74d7a941eb6b010000000000,0.3913900720000000,4.3182013499999998,6.0586023400000002
e66ee99e74d7a9416e6c010000000000,0.3779805400000000,4.2645011700000000,5.9579021600000006
9208e59d74d7a941e96c010000000000,0.3421410890000000,4.2158010799999994,5.8669018900000003
d443a59374d7a941486e010000000000,0.2803416560000000,4.1734008100000004,5.7825018000000004
63dab69274d7a941f76e010000000000,0.1969620880000000,4.1396006299999994,5.7057017100000005
dd784a9174d7a9415570010000000000,0.1062418450000000,4.1111006300000001,5.6307017999999998
2f8f579074d7a941de70010000000000,0.0352314598000000,4.0808006299999997,5.5463019800000000
7ae4f99674d7a9411972010000000000,-0.0370602315000000,4.0514006299999998,5.4608018899999999
b9a9fa9574d7a9419b72010000000000,-0.1248279210000000,4.0177008099999991,5.3774018899999998
f4cac38b74d7a941ec73010000000000,-0.2053385060000000,3.9707011699999994,5.2870021600000001
46ecdb8a74d7a9419c74010000000000,-0.2564191900000000,3.9120014400000001,5.1889022500000008
7eb4798974d7a941d275010000000000,-0.2756399999999999,3.8474015299999995,5.0914020699999991
369b778874d7a9416476010000000000,-0.2602306030000000,3.7773015299999999,5.0005020700000005
dac8478e74d7a941db77010000000000,-0.2322204950000000,3.7074016199999997,4.9180016200000001
d2353d8d74d7a9413e78010000000000,-0.2115904230000000,3.6362015300000006,4.8674007199999991
2d17fd8374d7a9417e79010000000000,-0.1964003420000000,3.5762012599999999,4.8529000000000000
8f41308274d7a941de79010000000000,-0.1636310440000000,3.5192013499999999,4.8632996400000001
5d50d58074d7a941fe7a010000000000,-0.1165909180000000,3.4579013500000002,4.8917991000000001
72753f8774d7a941a37b010000000000,-0.0872281719000000,3.3991011700000002,4.9455984699999993
adf2e18574d7a941b07c010000000000,-0.0944668938000000,3.3643003599999992,5.0342976599999991
9376917b8b2856bea57d010000000000,-0.0805537623000000,3.3807988299999998,5.1389976600000002
98fc5e7a8b2856bedb7e010000000000,-0.0391961484000000,3.4644975700000002,5.2283982899999994
88cd23788b2856bea67f010000000000,0.0221852081000000,3.5834972100000000,5.2888988299999999
2c3de07e8b2856be5580010000000000,0.1045882270000000,3.7173970299999999,5.3351990100000002
7f47597d8b2856becc80010000000000,0.1695587400000000,3.8506970299999996,5.3763991000000004
0a60f7738b2856be5c81010000000000,0.2228986590000000,3.9882969400000006,5.4138991899999995
a0c89f718b2856be2082010000000000,0.2955981010000000,4.1265968500000003,5.4348998199999992
9c5e2b708b2856be1f83010000000000,0.3925975700000000,4.2615971199999994,5.4385000899999998
2e62ba768b2856be9883010000000000,0.5048876149999999,4.3891972099999990,5.4301002700000005
d52488758b2856be0984010000000000,0.5993881010000000,4.5032978400000010,5.4187003599999999
0cd800748b2856be2285010000000000,0.6741086410000000,4.5855983800000004,5.4033003599999994
f2f8fc6b8b2856be6785010000000000,0.7210091630000000,4.6465987399999999,5.3908002699999997
b93ccc6a8b2856beb585010000000000,0.7522193970000000,4.6909991899999994,5.3899998199999999
f33c8a698b2856be0286010000000000,0.7813192620000000,4.7150997299999995,5.4144990999999996
191bc7688b2856bee686010000000000,0.8098194150000000,4.7198000900000006,5.4641987400000005
6138386f8b2856bef187010000000000,0.8294194960000001,4.7169000900000002,5.5225987399999994
a70a496e8b2856be4288010000000000,0.8602291449999999,4.7176999099999994,5.5699991000000004
3fe7846c8b2856bef388010000000000,0.8936094330000000,4.7198999100000005,5.6119990099999999
8545f4638b2856be598a010000000000,0.9072599099999999,4.7202000000000002,5.6593989199999992
2f7b0f628b2856beae8a010000000000,0.8992003330000000,4.7207999099999993,5.7106987400000007
97235d618b2856bed28b010000000000,0.8911099279999999,4.7306997299999995,5.7661988300000004
439c7a608b2856be8c8c010000000000,0.9115792439999999,4.7461995500000000,5.8179989200000000
b417d0668b2856bef08c010000000000,0.9482692710000001,4.7618996400000002,5.8618990100000010
5dfb63658b2856bec38d010000000000,0.9682698110000000,4.7739997299999999,5.9031991000000001
cc1fc45b8b2856be6b8e010000000000,0.9670502609999999,4.7833998200000005,5.9405991899999995
7a5a525a8b2856be758f010000000000,0.9502904679999999,4.7899999100000006,5.9787990999999998
93bfa2588b2856bee98f010000000000,0.9273404410000002,4.7877001800000007,6.0184991000000005
142f395f8b2856be7d90010000000000,0.9123901890000000,4.7788000900000007,6.0485996399999999
7e95985d8b2856be6e91010000000000,0.9116300540000001,4.7774999999999999,6.0560000000000000
71c5e85c8b2856be0892010000000000,0.8993304410000000,4.7825999100000001,6.0573000900000000
d1537e538b2856be1293010000000000,0.8813902250000000,4.7844000900000001,6.0477005400000001
8ccad7518b2856be7593010000000000,0.8845197570000001,4.7655006300000000,6.0053012600000004
753a6f508b2856be5e94010000000000,0.9108691000000000,4.7266009000000002,5.9367017100000004
315fec568b2856beea94010000000000,0.9416895500000002,4.6815009900000000,5.8640016200000007
c1db1b558b2856be7095010000000000,0.9481501080000000,4.6293012599999992,5.7953014400000002
a1cb6e548b2856beb596010000000000,0.9328805760000000,4.5663015299999996,5.7303013500000004
c5c8a04a8b2856be2197010000000000,0.8989209180000002,4.4991015300000008,5.6710012599999997
34b1fa498b2856be5998010000000000,0.8511311880000001,4.4299016199999999,5.6164011699999996
161142488b2856bef798010000000000,0.7912514940000001,4.3569017100000007,5.5680009899999989
c2716e4f8b2856beef99010000000000,0.7242113140000001,4.2793017100000004,5.5267009900000010
52cda04d8b2856be7a9a010000000000,0.6803706840000000,4.1997017999999997,5.4847010800000007
527f014c8b2856be6f9b010000000000,0.6629201259999999,4.1298014400000005,5.4390009900000003
555b51438b2856be019c010000000000,0.6614501350000001,4.0771008999999996,5.3976008999999996
ad599f418b2856be449d010000000000,0.6470404860000000,4.0466004499999997,5.3659006299999996
11cecd408b2856bea39d010000000000,0.6206107200000001,4.0352001799999995,5.3416004499999996
27d9e8478b2856be289e010000000000,0.5804110800000000,4.0337999099999999,5.3220004500000000
b2b304468b2856be5a9e010000000000,0.5230015840000000,4.0459995500000003,5.3056003600000006
84c625458b2856be5d9f010000000000,0.4446318810000001,4.0763990999999997,5.2917002699999998
7ca813448b2856be05a0010000000000,0.3578818630000000,4.1192990099999998,5.2736005399999994
fd473d3b8b2856be31a1010000000000,0.2885112960000000,4.1618990100000000,5.2448007199999997
c7a13f3a8b2856bed4a1010000000000,0.2477404950000000,4.2052989200000006,5.2085008100000003
3d7242398b2856be63a2010000000000,0.2444298200000000,4.2561988299999998,5.1740007200000013
4bde1d388b2856beaba2010000000000,0.2586097030000000,4.3121987399999995,5.1481004500000003
c8b5233f8b2856bed2a3010000000000,0.2707598830000000,4.3683987400000008,5.1291004500000001
0ac3613e8b2856be72a4010000000000,0.2618904500000000,4.4282985600000000,5.1134003600000009
456fba3c8b2856be59a5010000000000,0.2303909540000000,4.4909985600000004,5.1002002700000002
9ccd01338b2856bef8a5010000000000,0.1775413590000000,4.5558984700000007,5.0919000900000002
cf5f48328b2856beb2a6010000000000,0.1098216920000000,4.6198985600000011,5.0928998199999995
109888308b2856be46a7010000000000,0.0275299962000000,4.6839985600000000,5.1100993700000004
8f22d3378b2856be01a8010000000000,-0.0585422963000000,4.7503984699999995,5.1459990099999997
6ed708368b2856be87a8010000000000,-0.1155291720000000,4.8235982899999996,5.1908990099999999
83e259358b2856be2fa9010000000000,-0.1421696130000000,4.9040981099999996,5.2303993700000007
5866a02b8b2856be85a9010000000000,-0.1466101710000000,4.9908981099999998,5.2485998199999999
e190162a8b2856be2caa010000000000,-0.1334801980000000,5.0714981999999997,5.2594997299999999
254e84288b2856beb0aa010000000000,-0.1331098200000000,5.1488982900000009,5.2767996400000001
a480e52f8b2856be38ab010000000000,-0.1519193430000000,5.2253982900000002,5.2948995500000002
4c49532e8b2856beb6ab010000000000,-0.1823395140000000,5.3074981100000000,5.3132996399999994
2659b42c8b2856be42ac010000000000,-0.1847502610000000,5.3938980200000000,5.3309996400000008
aafc30238b2856bed7ac010000000000,-0.1774799550000000,5.4842979300000003,5.3599990999999996
007b9b218b2856be72ad010000000000,-0.1886795950000000,5.5836976600000003,5.4158984699999992
19501d208b2856be0fae010000000000,-0.2045697750000000,5.7001972999999992,5.5017977500000006
eb438f268b2856bed4ae010000000000,-0.1997303780000000,5.8238972100000002,5.6076974800000006
8819f7258b2856be34af010000000000,-0.1821702790000000,5.9411973900000010,5.7222973000000001
4c1a7a248b2856bec8af010000000000,-0.1770700360000000,6.0576973899999995,5.8547968499999996
8c4fec1a8b2856be68b0010000000000,-0.1655205670000000,6.1763972999999996,5.9982967600000006
9e7e7c198b2856be35b1010000000000,-0.1310507200000000,6.2954972099999997,6.1292972099999998
f570f01f8b2856beceb1010000000000,-0.1188199280000000,6.4218972100000000,6.2495972999999996
e8176e1e8b2856be60b2010000000000,-0.1230301170000000,6.5442973000000002,6.3699972999999996
4e70f41c8b2856bef9b2010000000000,-0.1027007920000000,6.6596974800000002,6.4908973000000003
681d92128b2856bea8b3010000000000,-0.0592482114000000,6.7703975700000001,6.6168971200000000
8ab736118b2856be65b4010000000000,-0.0029879459600000,6.8780976599999990,6.7519968500000003
a425bd178b2856be03b5010000000000,0.0648461172000000,6.9796978400000009,6.8920967599999994
b6fc3c168b2856be73b5010000000000,0.1662774260000000,7.0750979300000001,7.0363966700000002
f0f6a9148b2856bef7b5010000000000,0.2637382450000000,7.1687977500000004,7.1925962199999987
2fd3260b8b2856be08b7010000000000,0.3194091900000000,7.2724975700000005,7.3646959499999998
b648a8098b2856bea1b7010000000000,0.3410997570000000,7.3831974799999998,7.5470957700000003
326018088b2856be3ab8010000000000,0.3426900450000000,7.4924974799999999,7.7317959500000004
58a2c70e8b2856bee4b8010000000000,0.3512494960000000,7.6100971199999989,7.8990964899999989
a30b390d8b2856bea1b9010000000000,0.3672798380000000,7.7401970300000000,8.0407969399999999
00b7bf038b2856be4bba010000000000,0.3676698650000000,7.8609975700000003,8.1738971199999995
9b712b028b2856beeaba010000000000,0.3866993070000000,7.9569982000000001,8.2953974800000019
e721ad008b2856be8cbb010000000000,0.4268990460000000,8.0258986500000002,8.4068974800000014
b7720b078b2856be06bc010000000000,0.4570196310000000,8.0756990999999978,8.5242972100000003
ffd27e068b2856be9abc010000000000,0.4689297750000000,8.1104993699999994,8.6549969400000002
433b06048b2856be35bd010000000000,0.4912591900000000,8.1302997299999991,8.7929968499999998
9a9973fb74d7a941b9bd010000000000,0.5314192440000000,8.1355000000000004,8.9341966700000004
b2edf4f974d7a9416dbe010000000000,0.5475099190000000,8.1274003599999993,9.0890964000000007
f13978f874d7a9411abf010000000000,0.5404903689999999,8.1094003600000004,9.2485964899999988
b6d620fe74d7a941ddbf010000000000,0.5175305040000000,8.0965001799999996,9.3988967599999995
0efa83fc74d7a9419dc0010000000000,0.5068999640000000,8.0875001799999993,9.5295972100000004
87efb0f374d7a94113c1010000000000,0.5179796129999999,8.0739004500000000,9.6449974799999989
21620ff274d7a94153c2010000000000,0.5385293789999999,8.0445008099999988,9.7514976600000001
72ae6df174d7a941d4c2010000000000,0.5740091450000000,7.9984012600000005,9.8436981100000001
f8b5f5f774d7a94137c3010000000000,0.6088092800000000,7.9317017999999999,9.9156986499999977
bc2467f674d7a941fdc3010000000000,0.6423791719999998,7.8400022500000004,9.9648991000000002
af6476f574d7a9413cc4010000000000,0.6871488570000001,7.7398021599999991,9.9899997299999992
f1e202eb74d7a9419cc5010000000000,0.7464885420000000,7.6414022499999996,9.9947000900000003
9dcf82e974d7a9414ec6010000000000,0.8181383350000001,7.5334025200000001,9.9814004500000006
010b09e874d7a9410fc7010000000000,0.8787589830000000,7.4123027899999991,9.9553007200000003
66d72aef74d7a9419ac7010000000000,0.9078496670000000,7.2847029700000006,9.9159010800000011
2c7449ee74d7a94147c8010000000000,0.9253294420000000,7.1500030599999995,9.8577015299999982
ef69fbec74d7a94127c9010000000000,0.9640987490000000,7.0096032399999988,9.7737020700000006
aa34fae374d7a9418ec9010000000000,1.0239986500000000,6.8670031500000004,9.6730024300000004
5705f1e274d7a94148ca010000000000,1.0685992799999999,6.7327027900000003,9.5659024299999995
302323e174d7a941feca010000000000,1.0901997300000001,6.6179023399999997,9.4590024300000000
540712e074d7a94137cb010000000000,1.0908001800000000,6.5158022500000001,9.3500025200000003
b0b528e774d7a941c6cb010000000000,1.0740005400000001,6.4205020700000004,9.2407025200000010
a40a1be674d7a94156cc010000000000,1.0387009000000000,6.3340018000000002,9.1333023399999984
13f02ce574d7a94185cd010000000000,1.0030005399999999,6.2591015300000006,9.0364020700000012
b4bc85db74d7a94150ce010000000000,0.9984597389999998,6.1958013500000009,8.9462018899999993
aa5292da74d7a941d8ce010000000000,1.0259991900000001,6.1398011700000001,8.8632017100000002
4e8f8ad974d7a9416bcf010000000000,1.0597994600000002,6.0894010800000000,8.7964012600000014
1a6379d974d7a941d3cf010000000000,1.0701000000000001,6.0432008999999995,8.7508008999999998
77db75d874d7a9419ad0010000000000,1.0563003600000000,6.0141004499999999,8.7138009000000007
33a976df74d7a9412bd1010000000000,1.0471999999999999,5.9956004499999995,8.6667013500000003
f00e41de74d7a9413dd1010000000000,1.0480998200000000,5.9769004499999996,8.5950018900000007
fcce09dd74d7a941a4d1010000000000,1.0505001800000000,5.9593003599999994,8.5043020700000014
10ea0cdc74d7a94142d2010000000000,1.0307007200000000,5.9463002699999992,8.4173018899999992
b21634d374d7a9412dd3010000000000,0.9882911610000001,5.9319003600000002,8.3361017999999998
4c7e25d274d7a9410bd4010000000000,0.9397508550000001,5.9140004499999996,8.2523019800000004
d20c35d174d7a94154d5010000000000,0.9152902970000001,5.8957003599999993,8.1597021600000001
f75c2dd074d7a941bdd5010000000000,0.9059001620000001,5.8799004500000001,8.0625022499999996
a6d91ed774d7a94102d6010000000000,0.8901806299999999,5.8563007199999992,7.9633022499999999
389f12d674d7a941c8d6010000000000,0.8488311519999999,5.8165009899999989,7.8691021600000006
232e19d574d7a9414ed7010000000000,0.8045107560000000,5.7575015299999999,7.7727023400000004
6a9a9bcb74d7a941a0d8010000000000,0.7825804050000000,5.6728021599999998,7.6671023399999987
37eb9cca74d7a9412ed9010000000000,0.7480611159999999,5.5759022500000004,7.5627022500000001
270c4ec974d7a9419bda010000000000,0.6883815300000000,5.4742022499999994,7.4656021600000013
109967c874d7a94152db010000000000,0.6140617640000000,5.3798018900000004,7.3805018000000002
08e8f4ce74d7a941c7dc010000000000,0.5405813409999999,5.3020017099999990,7.3068017099999993
2074f9cd74d7a9414cdd010000000000,0.4981505579999999,5.2282017999999999,7.2295018000000004
97a8e5cc74d7a941a9dd010000000000,0.4667009810000001,5.1546015300000008,7.1461018899999988
623116c374d7a94157de010000000000,0.4085315300000000,5.0894013500000010,7.0607019799999993
2773aec174d7a94138df010000000000,0.3523909090000000,5.0349010800000000,6.9676022499999997
3a8f01c074d7a941d9df010000000000,0.3255505310000000,4.9882008999999998,6.8667022500000003
711c0dc774d7a9418fe0010000000000,0.2919410170000000,4.9481008100000006,6.7731019800000016
10e143c674d7a94152e1010000000000,0.2409312690000000,4.9125007200000006,6.6924016199999992
8467bfc474d7a94173e2010000000000,0.1878909450000000,4.8830005400000003,6.6189016199999999
9db6b7bb74d7a941b0e2010000000000,0.1622802610000000,4.8619002700000005,6.5448017099999998
638509ba74d7a941c2e3010000000000,0.1506204680000000,4.8501002700000004,6.4779013499999998
9ff700b974d7a94142e4010000000000,0.1195808370000000,4.8458999100000009,6.4233011700000002
b7213db874d7a941c7e4010000000000,0.0930242610000000,4.8506997299999997,6.3693013499999998
6bc12dbf74d7a94122e5010000000000,0.0879681710000000,4.8633996400000008,6.3057014400000000
67231bbe74d7a941a2e5010000000000,0.0689576957000000,4.8803996400000003,6.2435013499999998
8add8ebc74d7a94152e6010000000000,0.0301989666000000,4.8966996400000005,6.1845013499999997
ed787ebc74d7a941bae6010000000000,0.0009819340780000,4.9088998199999994,6.1216015300000004
38be62b374d7a9410ce7010000000000,-0.0092074574600000,4.9139999100000002,6.0498016200000002
1e375cb274d7a941e0e7010000000000,-0.0341672548000000,4.9188000000000001,5.9805015299999997
b7419fb074d7a94161e8010000000000,-0.0700621846000000,4.9207000000000001,5.9149014400000004
092dcbb774d7a9414ee9010000000000,-0.0914437831000000,4.9163001799999995,5.8441017999999998
6b11b2b674d7a941a5e9010000000000,-0.0923959505000000,4.9062002700000003,5.7660017100000003
b0558bb574d7a94118ea010000000000,-0.1032795230000000,4.8955002700000003,5.6918016199999997
f4a1cdb474d7a94151ea010000000000,-0.1230297570000000,4.8840003599999999,5.6197016199999998
602ed3ab74d7a941e1ea010000000000,-0.1286699370000000,4.8669004500000010,5.5359020699999997
53881caa74d7a941e4eb010000000000,-0.1406794600000000,4.8464004500000000,5.4435019799999997
78802ba974d7a94187ec010000000000,-0.1723091270000000,4.8294003600000002,5.3604017100000005
6c6d2ea874d7a941edec010000000000,-0.2149791000000000,4.8167002700000001,5.2937013500000001
a7e252af74d7a941bded010000000000,-0.2423696220000000,4.8020003599999992,5.2304015300000009
74da77ae74d7a94143ee010000000000,-0.2400604320000000,4.7811005399999997,5.1648015300000001
a61189ac74d7a94101ef010000000000,-0.2059210710000000,4.7531006300000005,5.0937017100000004
984b60ac74d7a94154ef010000000000,-0.1426315840000000,4.7238005400000000,5.0191016200000007
db1a46a374d7a941a4ef010000000000,-0.0788342186000000,4.7019003599999998,4.9487015300000001
16f520a274d7a941caef010000000000,-0.0362166597000000,4.6859003599999998,4.8887012600000004
352b4ba174d7a94109f0010000000000,-0.0159861701000000,4.6719003600000004,4.8401009899999989
05a457a074d7a941c6f0010000000000,-0.0169978002000000,4.6580003600000000,4.8027007199999998
1aa771a774d7a941f9f1010000000000,-0.0340764420000000,4.6467001800000007,4.7746005399999998
a5d41ea674d7a94114f2010000000000,-0.0613416067000000,4.6360002700000003,4.7498005399999998
dafbd5a574d7a9419df2010000000000,-0.0612283141000000,4.6231002700000001,4.7213007200000003
0e9c99a474d7a9415ff3010000000000,-0.0378328325000000,4.6174999100000003,4.6813009900000004
38ad58a474d7a941f5f3010000000000,0.0122527157000000,4.6264997299999999,4.6254013499999997
b4e9329674d7a94134f4010000000000,0.0726158336000000,4.6377997300000002,4.5596014399999989
4b26a98374d7a94180f4010000000000,0.1120593070000000,4.6429999999999998,4.4942014400000003
ab47aa608b2856bea8f4010000000000,0.1407292890000000,4.6360002700000003,4.4300015299999993
681f5a588b2856beeaf4010000000000,0.1836287310000000,4.6184004500000011,4.3589016199999993
5a75095e8b2856bed2f5010000000000,0.2455387310000000,4.5906008099999998,4.2803017099999998
f57c255d8b2856bebef6010000000000,0.2892192799999999,4.5479010800000008,4.2055016200000006
ff92a2538b2856beedf6010000000000,0.3091898200000000,4.4958012599999995,4.1353015299999996
d9a957538b2856be65f7010000000000,0.3035603690000000,4.4390012600000004,4.0686015300000005
68440d518b2856be85f8010000000000,0.2892201080000000,4.3896010799999994,3.9993016199999993
a08098578b2856be14f9010000000000,0.2940798920000001,4.3404010799999995,3.9198018000000001
01f554568b2856beaff9010000000000,0.2875204410000000,4.2887011700000004,3.8376018899999997
f16d29558b2856be05fa010000000000,0.2588208010000000,4.2332012600000004,3.7551018899999997
87ca28548b2856be31fa010000000000,0.2321603240000000,4.1747013499999994,3.6633022500000001
95c5124a8b2856be73fa010000000000,0.2287499910000000,4.1140014400000000,3.5604023400000000
c8c476498b2856be19fb010000000000,0.2190004140000000,4.0530014400000001,3.4563022500000007
31516d488b2856bee4fb010000000000,0.1935607380000000,3.9900014399999999,3.3605020700000003
613e1a4e8b2856be5efc010000000000,0.1534010710000000,3.9275013500000000,3.2733018899999999
e2b0e5438b2856bed8fc010000000000,0.1136605310000000,3.8666014399999997,3.1920017100000000
95052b428b2856bea8fd010000000000,0.1127095140000000,3.8062013499999998,3.1231013500000002
5c9938418b2856be2cfe010000000000,0.1386494600000000,3.7478012599999992,3.0654010799999996
a23a5e408b2856be0cff010000000000,0.1568997300000000,3.6989008999999999,3.0279007199999999
30ae69478b2856be3bff010000000000,0.1604301530000000,3.6710004500000002,3.0024005400000000
6b3a5f468b2856be4dff010000000000,0.1450905130000000,3.6533003600000002,2.9808004499999998
44cc02448b2856be7bff010000000000,0.1153608100000000,3.6447000899999997,2.9621003600000000
4a4e9b3a8b2856beecff010000000000,0.0711971394000000,3.6469999100000003,2.9460002699999999
08645a3a8b2856be9b00020000000000,0.0127904625000000,3.6537998199999997,2.9341001799999997
8ee418388b2856be7b01020000000000,-0.0416620505000000,3.6655997300000003,2.9167005399999999
d953643f8b2856beee01020000000000,-0.0662796778000000,3.6763999100000002,2.8804010799999995
1ab01f3d8b2856bec202020000000000,-0.0738020243000000,3.6661005400000000,2.8237015300000001
5dd3d0338b2856be7703020000000000,-0.0759406562000000,3.6349008100000000,2.7494018000000002
6972fc328b2856be0e04020000000000,-0.0910499073000000,3.5947009900000007,2.6616022500000001
bd76cb318b2856be5804020000000000,-0.0850092628000000,3.5455011700000001,2.5559025200000001
00e7b2308b2856be8a04020000000000,-0.0636684473000000,3.4900013500000000,2.4414025200000000
9b7117378b2856beba04020000000000,-0.0534609874000000,3.4328013500000001,2.3313023400000001
d644a4358b2856be2905020000000000,-0.0645026193000000,3.3744013499999999,2.2320021600000004
78ac3a348b2856bec505020000000000,-0.0857545392000000,3.3123014400000002,2.1398020700000000
0b98472b8b2856beb106020000000000,-0.0921461674000000,3.2451015299999999,2.0409022500000003
faca202f8b2856be2507020000000000,-0.0803081728000000,3.1779015300000002,1.9362022500000000
6110042e8b2856beaf07020000000000,-0.0831417210000000,3.1128014400000001,1.8402019800000000
92cc682d8b2856beb408020000000000,-0.1068293070000000,3.0492014400000000,1.7581017100000000
e05f26238b2856be3c09020000000000,-0.1419992620000000,2.9875013500000001,1.6876015300000000
3cb20d228b2856be6a09020000000000,-0.1567002070000000,2.9287012600000000,1.6223013500000001
de0abe218b2856be9109020000000000,-0.1266310080000000,2.8749010799999999,1.5589014400000001
21781f208b2856bec909020000000000,-0.0875556786000000,2.8269010800000003,1.5019011700000000
96e7d2268b2856be300a020000000000,-0.0657943555000000,2.7832009899999997,1.4585008099999999
4ba694258b2856beaa0a020000000000,-0.0401268802000000,2.7397009899999998,1.4216009000000001
17b9f6248b2856be590b020000000000,0.0026983787500000,2.6968008999999999,1.3801009000000002
db9e2b1a8b2856be8d0c020000000000,0.0268137507000000,2.6559009899999997,1.3442007200000001
4b0525198b2856be040d020000000000,0.0282391827000000,2.6094011699999999,1.3106008099999999
5395f3188b2856beb80d020000000000,0.0141154725000000,2.5512014400000003,1.2746008099999999
62b08a1e8b2856bed70e020000000000,-0.0119752683000000,2.4830015300000001,1.2368008099999999
f8fd391e8b2856be0f0f020000000000,-0.0488202647000000,2.4141015299999995,1.1985009899999999
4e86911c8b2856be3a0f020000000000,-0.0662349217000000,2.3480014400000000,1.1534009900000000
edacf7138b2856be6a0f020000000000,-0.0586914203000000,2.2856012600000000,1.1078009899999999
c84702118b2856bebc0f020000000000,-0.0211992285000000,2.2340009899999997,1.0652009000000000
4999c6108b2856be2a10020000000000,0.0430876113000000,2.1976007200000005,1.0275007199999999
573a04168b2856beec10020000000000,0.0922581387000000,2.1716004500000001,1.0016004500000000
c692fc158b2856be9d11020000000000,0.1194396580000000,2.1539002700000003,0.9903100810000001
80ddee148b2856be3112020000000000,0.1244001530000000,2.1484000000000005,0.9951297660000000
8e86a80a8b2856be2d13020000000000,0.1074706300000000,2.1570996399999998,1.0097995500000001
7454b6098b2856be0c14020000000000,0.0693220656000000,2.1853991900000000,1.0303994599999999
bdebdc088b2856beb514020000000000,0.0170551808000000,2.2313988299999998,1.0506995500000000
ac4ada0f8b2856be0a15020000000000,-0.0210855140000000,2.2789990100000002,1.0620999099999999
75ba370e8b2856be7d15020000000000,-0.0327157516000000,2.3207990999999999,1.0668998200000002
649d120d8b2856bed415020000000000,-0.0541963349000000,2.3622990099999996,1.0762997300000001
b1c3ad038b2856be3016020000000000,-0.0927599686000000,2.4062990099999997,1.0888997300000001
08626e038b2856bee016020000000000,-0.1458486230000000,2.4462992799999999,1.1039996400000001
0adfe4078b2856be5617020000000000,-0.2127386140000000,2.4792992799999998,1.1223997300000002
570b6e068b2856bea817020000000000,-0.2643390640000001,2.5105993700000004,1.1318999099999998
f6931c048b2856be9d18020000000000,-0.3145586320000000,2.5444991900000002,1.1365999099999999
6613f9fb74d7a9412f19020000000000,-0.3895879390000000,2.5748994599999997,1.1441998200000001
c892e8f974d7a941eb19020000000000,-0.4906875790000000,2.5916997300000002,1.1528999099999999
9952abf874d7a9412b1a020000000000,-0.5822282540000001,2.6027996399999997,1.1543000000000001
7d7245ff74d7a941bf1a020000000000,-0.6426790189999999,2.6201995500000002,1.1525999100000002
a710a9fd74d7a941fa1a020000000000,-0.6917286410000000,2.6442994599999996,1.1578997299999998
5fd8a2f374d7a941981b020000000000,-0.7527987939999999,2.6640996399999999,1.1750995500000001
a85388f274d7a9412a1c020000000000,-0.7866395680000000,2.6800996399999999,1.1984994599999998
d5b675f274d7a941931c020000000000,-0.7916900540000000,2.6987995499999995,1.2227993700000002
66db11f074d7a941c91c020000000000,-0.7968494960000000,2.7198995500000001,1.2503992800000001
bf6f56f774d7a9419c1d020000000000,-0.8343287850000001,2.7393995499999999,1.2803993700000000
4e47c7f574d7a941301e020000000000,-0.9001785689999999,2.7604994600000001,1.3107992799999999
3216fdeb74d7a9415e1f020000000000,-0.9486493520000000,2.7910990999999998,1.3478989200000002
d3e122ea74d7a941cb1f020000000000,-0.9634996670000000,2.8387987400000001,1.4044984699999998
48991de974d7a9412920020000000000,-0.9911491450000001,2.8990985599999997,1.4828980200000001
4a9bdae874d7a9418d20020000000000,-1.0396986500000003,2.9614985600000003,1.5726979299999999
e82967ef74d7a9413521020000000000,-1.1086982000000001,3.0215987399999999,1.6699978400000000
4cd7b8ec74d7a9413d22020000000000,-1.2006976600000001,3.0723989199999999,1.7660978400000003
3545cce374d7a941a622020000000000,-1.3148972100000000,3.1196988299999999,1.8604979300000000
a0c61be274d7a9416c23020000000000,-1.4488968499999999,3.1736987400000003,1.9463982899999999
c8ead2e074d7a9419824020000000000,-1.5768973900000001,3.2282988300000000,2.0077989199999999
a6ff3fe774d7a9412825020000000000,-1.6730982000000001,3.2792988300000001,2.0540990100000003
c0207ee674d7a9411726020000000000,-1.7434988300000001,3.3331987400000003,2.0999990100000003
3d9ae4e474d7a941a726020000000000,-1.7776994599999998,3.3855989200000005,2.1362993699999997
f67ceedb74d7a9410a27020000000000,-1.7868000900000003,3.4292991000000002,2.1592995500000001
2b852dda74d7a941dc27020000000000,-1.7710006300000001,3.4616993700000003,2.1718997299999998
d52b30d974d7a9414028020000000000,-1.7297012599999997,3.4752999999999998,2.1772999999999998
38f58fdf74d7a9411e29020000000000,-1.6685011700000001,3.4633005399999996,2.1785999100000000
6c6711de74d7a9419d29020000000000,-1.6372002699999999,3.4240010799999996,2.1834998199999998
1a6314dd74d7a941152a020000000000,-1.6362999100000002,3.3709010799999999,2.1956996400000000
b3e0edd374d7a9415b2b020000000000,-1.6372999999999998,3.3313006299999999,2.2203993700000004
d065d4d274d7a9418f2b020000000000,-1.6104009900000000,3.3145001799999996,2.2446993699999997
aa379ed174d7a941442c020000000000,-1.5496015300000001,3.3066001800000002,2.2705994599999997
df8a34d074d7a941932c020000000000,-1.4916010799999999,3.2914003599999999,2.3008991900000000
def107d774d7a941c62c020000000000,-1.4372015300000001,3.2685005399999998,2.3362992800000000
bd1651d574d7a9418d2d020000000000,-1.3515021599999999,3.2409006299999996,2.3716991900000002
024ea2cb74d7a941392e020000000000,-1.2718015300000001,3.2195003600000001,2.4065992800000000
ba2ca3ca74d7a941cd2e020000000000,-1.2185009900000001,3.2146999100000002,2.4389991899999997
7a5a68ca74d7a9414f2f020000000000,-1.1672013500000000,3.2152000899999997,2.4727992799999998
ce66efcf74d7a9414630020000000000,-1.0996014400000000,3.2115000899999999,2.5023993700000005
ea1affce74d7a9411f31020000000000,-1.0457009900000001,3.2134998199999996,2.5304993699999998
f45ac3cd74d7a9416f31020000000000,-1.0080007199999999,3.2269995499999999,2.5525996400000004
51e991c374d7a9410632020000000000,-0.9652212240000000,3.2548992800000001,2.5571001799999999
fa4fa9c174d7a941e932020000000000,-0.9031414670000000,3.2838993700000003,2.5461002700000002
61c794c074d7a9411e33020000000000,-0.8482509990000000,3.3054996399999999,2.5382000899999997
9434abc774d7a941c233020000000000,-0.8168804230000001,3.3143999099999997,2.5364000000000000
e92d6dc774d7a9411734020000000000,-0.8066802340000000,3.3067003600000002,2.5277003599999999
749baac474d7a941d134020000000000,-0.7847908909999999,3.2844005400000000,2.5017007200000001
5fbb94bb74d7a9411935020000000000,-0.7266317460000000,3.2538008100000000,2.4605010800000002
631c68bb74d7a941a535020000000000,-0.6401221510000000,3.2195008100000000,2.4084012599999998
ec1409b974d7a9414b36020000000000,-0.5328324750000000,3.1790009900000000,2.3478014400000000
40ea89bf74d7a9417b36020000000000,-0.4327519889999999,3.1331009900000004,2.2927009899999997
24f7ffbe74d7a9413337020000000000,-0.3480019080000000,3.0837010800000000,2.2520008099999997
8f46a0a874d7a9412838020000000000,-0.2633618180000000,3.0399009000000001,2.2216006300000002
eceaa79274d7a9415138020000000000,-0.1905814760000000,3.0078005400000003,2.1923007200000000
65b37d8074d7a941c538020000000000,-0.1264214670000000,2.9962000899999999,2.1624005399999997
cbff457a8b2856be2d39020000000000,-0.0612274814000000,3.0010998200000003,2.1439002700000001
f61752788b2856be4f3a020000000000,0.0079524352800000,3.0095998200000000,2.1354002700000003
1334487f8b2856becb3a020000000000,0.0925141676000000,3.0148999099999996,2.1209003599999998
026dc77d8b2856bea73b020000000000,0.1615787220000000,3.0185999100000003,2.1065002699999997
f56c2d7c8b2856becb3c020000000000,0.2039693520000000,3.0198000900000004,2.0963001799999996
a9ab2d738b2856be2d3d020000000000,0.2197499190000000,3.0133003600000001,2.0931999999999999
c9ae72728b2856be003e020000000000,0.2121003600000000,2.9929005400000004,2.0990998200000002
a5eb0c708b2856be533f020000000000,0.2053498920000000,2.9566008999999998,2.1067000000000000
d159f1778b2856be7d3f020000000000,0.2161397840000000,2.9138009900000004,2.1027001800000003
0a1fd5768b2856bebb3f020000000000,0.2117902970000000,2.8686009900000000,2.0976001799999997
b8e934758b2856be2040020000000000,0.2104298110000000,2.8190012600000003,2.0854005399999997
ec2ed26b8b2856bea040020000000000,0.2276393880000000,2.7631013499999999,2.0540009000000001
4128de6a8b2856bed340020000000000,0.2512297120000000,2.6950017100000001,2.0054011699999998
65319c6f8b2856bef741020000000000,0.2521102070000000,2.6134019799999999,1.9497012599999999
90e1f16e8b2856be3043020000000000,0.2323006570000000,2.5250019799999999,1.8893014400000003
2a72e76d8b2856be6543020000000000,0.2022005670000000,2.4320021600000001,1.8208017999999999
d66fd06c8b2856becb43020000000000,0.1886600180000000,2.3349022500000003,1.7343020700000000
0ce9c7628b2856be4645020000000000,0.1952199010000000,2.2332024300000000,1.6463018899999999
169cc0618b2856be6d45020000000000,0.1881603690000000,2.1240025199999999,1.5705015300000000
2f9785608b2856beb445020000000000,0.1641705220000000,2.0097026099999997,1.5015016200000000
37ed90678b2856bef745020000000000,0.1526899280000000,1.8921026999999997,1.4302016199999998
6c6065668b2856be5846020000000000,0.1545900900000000,1.7732026999999999,1.3510017999999999
e3173e658b2856bea146020000000000,0.1385906300000000,1.6546027000000001,1.2724017100000000
ded67f5b8b2856bee047020000000000,0.1119304680000000,1.5350026999999999,1.1904019799999999
5107f4598b2856be4449020000000000,0.1015700090000000,1.4170026099999999,1.0925023400000000
25e5f8588b2856be7f49020000000000,0.0955663546000000,1.3006026099999999,0.9848224210000001
9ff7f75f8b2856bef649020000000000,0.0670539306000000,1.1875025200000000,0.8776224029999999
9d947d5e8b2856be2b4b020000000000,0.0250498208000000,1.0736026100000002,0.7691225740000001
d630ac5c8b2856be644c020000000000,0.0026280384200000,0.9517828440000001,0.6569724480000001
9a69b6538b2856becf4c020000000000,0.0212761846000000,0.8201030690000001,0.5547821330000000
e5714c528b2856be144e020000000000,0.0528325392000000,0.6839730509999999,0.4708717460000000
0c9414508b2856be6b4e020000000000,0.0575152970000000,0.5532028530000000,0.3958516380000000
03a389568b2856bee74f020000000000,0.0286767569000000,0.4298026730000000,0.3289113140000000
7ce209298b2856be9350020000000000,0.0048379830400000,0.3199222680000000,0.2899504769999999
799e1a268b2856beda51020000000000,-0.0156623583000000,0.2269718990000000,0.2766102070000001
5a5118258b2856be2952020000000000,-0.0493171234000000,0.1462216830000000,0.2668501979999999
8620ee248b2856beba52020000000000,-0.0943248840000000,0.0906217893000000,0.2624399910000000
d4791c1a8b2856bee553020000000000,-0.1517186050000000,0.0702952718000000,0.2639700000000000
4a083b198b2856be7d54020000000000,-0.1947994240000000,0.0643701089000000,0.2535704320000000
6c7f35188b2856bebe54020000000000,-0.2137694420000000,0.0617980144000000,0.2305405850000000
d622d61e8b2856bed755020000000000,-0.2413993790000000,0.0608030774000000,0.2075804140000000
b29fed1d8b2856be0d56020000000000,-0.2670193070000000,0.0590919793000000,0.1955202070000000
de08b0138b2856be4857020000000000,-0.3037091090000000,0.0615099640000000,0.1833903600000000
d4c1cd128b2856bede57020000000000,-0.3407492710000000,0.0625830558000000,0.1674303510000000
b6672d118b2856be1559020000000000,-0.3716992620000000,0.0552192637000000,0.1520003870000000
6dd08d178b2856be135a020000000000,-0.4070992080000000,0.0384604716000000,0.1357202790000000
fb6923168b2856bed25a020000000000,-0.4316697569999999,0.0120437317000000,0.1305899280000000
3d8f79158b2856bee55b020000000000,-0.4333600720000000,-0.0225701837000000,0.1382098110000000
76cd470b8b2856bead5c020000000000,-0.4283601620000000,-0.0583272611000000,0.1441999100000000
01ccd3098b2856be445d020000000000,-0.4173203330000000,-0.0812706958000000,0.1458499910000000
69b138088b2856befe5d020000000000,-0.3989203780000000,-0.0917227030000000,0.1437601620000000
21064a0f8b2856be5e5e020000000000,-0.3925998380000000,-0.1149692800000000,0.1370900090000000
ee8b140d8b2856bee65f020000000000,-0.4115293430000000,-0.1547590550000000,0.1480095500000000
16b8580c8b2856bee260020000000000,-0.4545888030000001,-0.1842595770000000,0.1794491270000000
8ef9fd028b2856be9362020000000000,-0.5077888030000001,-0.2030595770000011,0.2182491269999996
c3f16c018b2856be3063020000000000,-0.5609888029999971,-0.2218595769999981,0.2570491270000011
cc2aac078b2856be2464020000000000,-0.6141888030000091,-0.2406595770000011,0.2958491270000011
a08be0068b2856be4e65020000000000,-0.6673888030000090,-0.2594595769999981,0.3346491269999981
4043d5058b2856be8265020000000000,-0.7205888030000090,-0.2782595769999981,0.3734491269999981
