position_x, position_y, position_z, orientation_x, orientation_y, orientation_z, orientation_w, vertexId
0.00010952262333251,0.000128414693950473,-2.7732784644977e-05,-0.00289806315036659,0.840017602764931,0.000746910583415482,0.542550891990434,420979ad2283ba970e00000000000000
0.0546766704881929,0.0666463968062852,0.0261658239459275,-0.00684979772101673,0.839872036319985,0.00408431554895666,0.542725861964768,6b6b7fac2283ba970f00000000000000
0.106701911244649,0.129745646787145,0.0616832332146711,0.00900654979707674,0.829714866547062,-0.0141218374011104,0.557936103868498,4cb526ae2283ba975f01000000000000
0.158389264751357,0.191693318067476,0.103624148958233,0.0350300161155551,0.823285842825298,-0.0403691986023096,0.5651049873949,61c7b6a82283ba970402000000000000
0.205841121011946,0.242700071514996,0.144236031644791,-0.00137444195111066,0.83801032609528,-0.0118372345000794,0.545524228743688,5e5aa9aa2283ba97a202000000000000
0.251103773940531,0.289318737753372,0.201083542767379,-0.00624178700859444,0.842478874656407,-0.0135287017958209,0.538523314333124,d0afcfb52283ba972703000000000000
0.291365948810704,0.330634826050316,0.291314747408812,-0.00168565844496176,0.832737695858569,-0.0235939088318437,0.553162196754083,a82375b62283ba97dc03000000000000
0.32968198404815,0.367475683638964,0.392291347521067,-0.00664732110114374,0.828116731271931,-0.0341891613971142,0.55947260321899,de6fcab12283ba970c04000000000000
0.367587565030571,0.401683122094853,0.495002855190996,-0.0028660858245959,0.821492510745325,-0.0498512346562293,0.568028779855948,5eb9fdb32283ba979204000000000000
0.406215779690527,0.432869086786456,0.592242728952734,-0.00705661904889411,0.816550766344227,-0.0469792630217813,0.575315564674018,15fe52bd2283ba97d204000000000000
0.445222268633266,0.465432153557873,0.672274340130301,0.00755758466779712,0.80794396224526,-0.0711154841190482,0.584903431947473,fca61dbf2283ba975005000000000000
0.485145483615372,0.503131852374407,0.69561220591707,0.0180340180881669,0.79149130592725,-0.0671665914100138,0.607210783691736,b62cb5be2283ba970e06000000000000
0.517627959878415,0.531085615533464,0.658296851724297,-0.00541698467676609,0.810831029957278,-0.0471962050604901,0.583349136764013,40bfd7b92283ba972f06000000000000
0.552704507430144,0.56218811663774,0.605465845419392,-0.00792369313718731,0.813016430040499,-0.0387033002616071,0.580898919021313,13705ebb2283ba977f06000000000000
0.588305041839675,0.59150542170271,0.53688917409782,-0.0134582819012023,0.818024862217274,-0.0327952316657538,0.574089428767563,f16af3852283ba97c807000000000000
0.622843465773766,0.619310441871574,0.463490362318729,-0.0215939274500895,0.819974803900881,-0.0165764365027699,0.571751908626339,0abc21872283ba97a508000000000000
0.651029604753585,0.638651354665517,0.429959990081016,-0.0437803490448924,0.827550165545088,-0.00120743887233777,0.559680754211877,33eb21812283ba974009000000000000
0.670101513366377,0.647957295279126,0.500602701311819,-0.0428083677070382,0.820235691819896,-0.0136271889510328,0.570258847577386,d0448f802283ba97fc09000000000000
0.685806635656957,0.651429979326232,0.626459739221862,-0.0265996067784353,0.807555109451619,-0.0461821838321573,0.587379274416718,e34a4f822283ba97510a000000000000
0.697550786040092,0.648699830610065,0.734304083533871,-0.00871819834356151,0.793620990408316,-0.0718211659301268,0.604095552644946,7f90448c2283ba97430b000000000000
0.709797330186126,0.63655395535134,0.781829683678461,0.00116805230637771,0.791685347904665,-0.0801342972506621,0.605649601643576,57b7308e2283ba97a00b000000000000
0.718335484278244,0.649894402114536,0.768503767597828,-0.0126950884809504,0.790011249619083,-0.0775693911566547,0.608032934765331,ff07de8e2283ba97d90b000000000000
0.7205868290759,0.705904361365051,0.729985522958148,-0.00462179152877704,0.795983570076942,-0.0508996069757973,0.603156716965285,13b8338b2283ba97750c000000000000
0.731847116920945,0.794540481931629,0.690899926326561,0.0165030366536078,0.805354926709432,-0.0139021044139026,0.592400053425825,f4272d942283ba97170d000000000000
0.758806415697359,0.882522432767946,0.660969213051513,0.0563443703750298,0.810438727143503,-0.00481354167234221,0.583087653178858,c03ab6972283ba97a10d000000000000
0.779779436421936,0.944955318496641,0.632808709584804,0.0778606066454508,0.814728508070451,0.0251309790616854,0.574041477561945,14b260912283ba977a0e000000000000
0.753763705806019,0.940383390152129,0.622854331376115,0.0783520791568714,0.816696623324184,0.0350013664787138,0.570650927877361,5ffcf9902283ba97cf0e000000000000
0.691218117534563,0.88275516573309,0.631716455735242,0.0798385607562744,0.80900268825351,0.0337597454836446,0.581378305580662,094317922283ba97730f000000000000
0.623270591643111,0.798099083243523,0.637203173661298,0.088564479154514,0.811703198603176,0.0176132665967733,0.577047678488748,f545989d2283ba97ea0f000000000000
0.580687693902767,0.7050677147294,0.64387120545479,0.0928679445598709,0.81350919738253,0.00274151810623304,0.57408258528345,756b7b9f2283ba975f10000000000000
0.558762332616996,0.61343730889831,0.658941599513332,0.0835888554133336,0.822717871563145,0.00353583166980029,0.562259464087267,9fed14992283ba975711000000000000
0.54953089264588,0.545730803582364,0.665920587768972,0.0769624331634826,0.822588214218506,0.00706494272618491,0.563360897023074,f5a55c982283ba97ba11000000000000
0.555177867634744,0.523589364537503,0.649912232643738,0.067172833233829,0.828578324550612,0.0115550424338503,0.555708783046115,7c51039a2283ba978c12000000000000
0.576549783613457,0.555174802505964,0.628312137264822,0.0689161360880911,0.828154711903079,0.0245480377543378,0.555704717617034,93e6c8e52283ba979513000000000000
0.600175177182947,0.622553002997369,0.623594144421041,0.0790204450572281,0.828378719994964,0.0378106025271904,0.553276444337723,1f6cb6e72283ba97ff13000000000000
0.636912860222408,0.691910827704918,0.617410183686253,0.0877957480661934,0.830216592284898,0.0455498824409582,0.548595957628166,7cbfd3e62283ba978514000000000000
0.678600623232253,0.761554996345911,0.642996680080517,0.0894380290843676,0.828139709656038,0.0663905291848935,0.549343023873851,49c277e02283ba970f15000000000000
0.72282373984658,0.848646058355234,0.658247678183663,0.108170335023427,0.815128875763112,0.0704254811141868,0.564716164216963,f00f3ee22283ba97a415000000000000
0.756925926372501,0.90510780621077,0.642460516260092,0.111536466325042,0.819208308184226,0.0858998625151133,0.555948359203933,0dcc70ed2283ba974116000000000000
0.756874030525465,0.886345319977353,0.654603433304913,0.124359935264305,0.818334347008354,0.067010809152515,0.557111348353445,5f1158ec2283ba97a816000000000000
0.735985609222673,0.812981074660873,0.674431327202466,0.12217430352696,0.810965135352922,0.0255774781792348,0.571624685794543,0f6d35ee2283ba976917000000000000
0.712934130763977,0.730281803532943,0.641946093260647,0.119823325855462,0.801670602771393,0.000364023517875083,0.585633403009055,bef7d1e92283ba970218000000000000
0.703610039910072,0.670203343630772,0.563036454737303,0.0928484005800377,0.818799447883399,0.00702126323360481,0.566478014152513,01e2bbeb2283ba970919000000000000
0.705091546406571,0.638562352992416,0.481432718628883,0.0773927029615674,0.832166675097266,0.0198623181676457,0.548738993240749,53bc5af42283ba97531a000000000000
0.706807921795551,0.626059991664224,0.42246519437217,0.0665245583575435,0.841413565571087,0.042914416399678,0.534561547133124,aff33ff62283ba971b1b000000000000
0.711460627205407,0.621413695500388,0.387895967885386,0.0686692281993691,0.846222845943921,0.051995959018295,0.525821122005233,330177f02283ba97ab1b000000000000
0.712763780797558,0.61770868692116,0.371940543897196,0.0577963710026956,0.855220530258716,0.059613322921321,0.51156981522877,2cd644f22283ba97481c000000000000
0.713688920857744,0.618873186228619,0.368595081240737,0.0687674658586701,0.843615146521327,0.0548535603393398,0.529693880573748,a2b6e8fd2283ba978e1c000000000000
0.715454091677763,0.618550591750442,0.368702034421274,0.0685166995003463,0.838870275117699,0.0562932102299305,0.537059771250412,5fd93eff2283ba97b71c000000000000
0.715509015840265,0.618302920772342,0.368579848954255,0.0692999501195856,0.838806422040866,0.0552598645908985,0.537166315606088,69864efe2283ba97791d000000000000
0.715404026664139,0.618052061814917,0.368629628458262,0.069911474361059,0.838795607542939,0.0540958722239441,0.537222441012721,73bc13f82283ba97ed1d000000000000
0.715450278401232,0.618276565981115,0.368689816049161,0.0692307726115066,0.839036250044762,0.0546263090311608,0.536881027413029,7ba9e7f82283ba97ef1d000000000000
0.715423353643214,0.618370437304275,0.368707319775214,0.0690311245061098,0.839030711750051,0.0549162394990178,0.536885812095004,345964fa2283ba97a71e000000000000
0.715442170868865,0.618390133126415,0.368755410022109,0.0693103469597743,0.839097840852143,0.0545234368714995,0.536784951459435,97a0e8c52283ba972d1f000000000000
0.715424617889552,0.618328503136036,0.36876808390621,0.0693846930027312,0.839143907644313,0.0544235430999334,0.536713466010309,ae207fc72283ba97e61f000000000000
0.7154140732365,0.618332599126476,0.368851724423743,0.069415587951446,0.839206424184396,0.0544299260249023,0.536611066704666,8ebda5c62283ba979b20000000000000
0.715434656259188,0.618361980820731,0.368993236999845,0.0694514446530739,0.839318525928926,0.0543888139520617,0.536435239134216,7483aac02283ba971f22000000000000
0.715340962524958,0.618422573143592,0.369071275679501,0.0695243901051842,0.839352545249467,0.0543099905754813,0.53638054484427,ac284ac32283ba979d22000000000000
0.715265898393179,0.618415250046104,0.369005875095656,0.0696339031555785,0.839393624387787,0.0542594265155864,0.536307167118485,287c0dc22283ba979223000000000000
0.715338807687662,0.618382709130733,0.369036574893315,0.0696316076903898,0.839405229219187,0.0542415473165919,0.536291110232714,39f953cd2283ba97ad23000000000000
0.715443048356218,0.618434110541153,0.3690456204396,0.0697197725715746,0.839436706880351,0.0541752804663338,0.536237081374306,b82982cc2283ba977624000000000000
0.715411942235456,0.618446087851125,0.369150077590425,0.069785469255463,0.839458702699681,0.0541854119874222,0.536193077044376,f13dcecf2283ba978c24000000000000
0.715262313720667,0.618420747682787,0.369072286659441,0.069798076665211,0.83947767535228,0.0541194816238179,0.536168390328766,091f0ac92283ba979624000000000000
0.71487139715722,0.618423487405173,0.368881472051263,0.0698490873432342,0.839489353673379,0.054014107304771,0.536154088185886,79c96fc82283ba972325000000000000
0.714072062473131,0.61845801386606,0.36856735622659,0.0698902140417983,0.839515437901894,0.0540108498306161,0.536108212589733,a29899cb2283ba97cb25000000000000
0.712360993117471,0.618659312712186,0.368127559626959,0.0699123923113727,0.839552133277604,0.0539534344351298,0.536053635211048,9756c4ca2283ba973a26000000000000
0.709934113512738,0.619050215906557,0.367373459495588,0.0698603447984173,0.839577350237706,0.0538770274519109,0.536028610342232,59aa7cd42283ba97f726000000000000
0.707193360221495,0.619714992153048,0.366132268473297,0.0704864468504154,0.839530087524541,0.0543432293789618,0.535973606040545,e14248d72283ba975a27000000000000
0.704630886334373,0.6207709497177,0.364229088951173,0.0705265225544873,0.839614964615694,0.0541394239660405,0.535855991458884,1ecc82d62283ba978327000000000000
0.702874603313888,0.621558973767738,0.361255504306828,0.0699655776828753,0.83969000437941,0.0536363117286012,0.535862538855779,91cb3ad02283ba972928000000000000
0.702501049070885,0.623361144218683,0.357297975846741,0.070164821554152,0.839697470917558,0.0539399763730717,0.535794302041188,a74509d32283ba97fa28000000000000
0.702059645716373,0.625827223817965,0.352982431611018,0.0698808317146289,0.839742022048025,0.0537336446011443,0.535782326326135,7462bed22283ba977d29000000000000
0.702285685089609,0.628160109143944,0.34807361880579,0.0699649835012512,0.839733932511102,0.0535171730332782,0.53580568853236,70a295dd2283ba97032a000000000000
0.70247021229071,0.630551843130641,0.342687684210627,0.0700304507650999,0.839715791591147,0.0535958420914757,0.535817703168341,e63dfadc2283ba97d82a000000000000
0.702095524685321,0.632981485336364,0.337457523883544,0.0702311561114366,0.839728807114052,0.0535783316716688,0.53577278541313,8603dbdf2283ba972e2b000000000000
0.701162050573092,0.634920538919323,0.332375026743379,0.0702615936924085,0.839745677481342,0.0534274085076205,0.535757424235414,6532f626dd7c4568e72b000000000000
0.699666848426138,0.636483593514996,0.327424598234266,0.0703237742993542,0.839775959409376,0.0533863319072254,0.535705893501134,64afa821dd7c4568702c000000000000
0.697368450713112,0.637695769029964,0.322696452140715,0.0703105278863169,0.839748686294859,0.0533630914229594,0.535752698554279,f539b220dd7c4568e12c000000000000
0.694388453255873,0.638490798772889,0.318028519573396,0.0704036906500908,0.839743211581081,0.0533030202234719,0.535755025157389,72081023dd7c45681d2d000000000000
0.690932724404219,0.639155790778471,0.31393178266215,0.0704459169801825,0.839708309560509,0.0531408875233657,0.535820281166253,72b98823dd7c4568ae2d000000000000
0.687867660484183,0.639825232991772,0.309863079505571,0.0705842657502246,0.839717280673731,0.0530639594842991,0.535795638439008,a0ce0d22dd7c4568602e000000000000
0.68482240158013,0.640256234611942,0.306138775818078,0.0706525329917775,0.839688881977641,0.0530083740244622,0.535836648007831,946f8422dd7c4568a42e000000000000
0.681645371427386,0.640342395258764,0.303495190990211,0.07073798487397,0.839701822044994,0.0529917771392577,0.535806736711951,f0f3122ddd7c4568cc2e000000000000
0.678976317838656,0.640185537990497,0.301916521542789,0.0708807550916807,0.83964778428068,0.0530141502561411,0.535870335792901,9bf79c2ddd7c4568fa2e000000000000
0.676918714344633,0.639839498270065,0.301146232698327,0.0709063859265543,0.839626359032824,0.0528491262847444,0.535916813976813,2ca2e92cdd7c4568702f000000000000
0.675058634401704,0.639173219866168,0.300767348444445,0.0709873967711906,0.839618110222,0.0528153019741855,0.535922347326796,57c0582edd7c4568cf2f000000000000
0.674054097926356,0.638722917784254,0.300627493586405,0.0710749186483246,0.839611062377756,0.0526047037672806,0.535942501592836,900b1428dd7c45688c30000000000000
0.674109577866291,0.638477891224431,0.300652210566286,0.0711831722203834,0.8395173294422,0.0525448138640642,0.536080826083969,cfc8862bdd7c4568df30000000000000
0.675012399694752,0.638053864039493,0.301072653777167,0.0712601103905752,0.839534778667292,0.0524728232378144,0.536050328697443,73461c35dd7c45682e31000000000000
0.67664647563841,0.637277244625377,0.301879434532069,0.0713538033550782,0.839452169756766,0.0525001656785264,0.536164547542217,9d4f6b34dd7c45686931000000000000
0.679444796813549,0.635950971017107,0.303206931003228,0.0712247827017033,0.8393096668945,0.052434484691339,0.536411165247044,00249937dd7c45680a32000000000000
0.683228663922123,0.63411448231345,0.305039699587738,0.0712524395663145,0.839483157954933,0.05223512862192,0.536155396040843,cc689636dd7c45688232000000000000
0.687598077437566,0.631997406117556,0.307203190615865,0.0712858941713802,0.839445751827382,0.0520499356845657,0.53622752188449,2386e831dd7c45680a33000000000000
0.694189054379398,0.629209189972451,0.310139204367527,0.0709850134406783,0.838738485014501,0.0519289827342889,0.537384650296776,3eeb2133dd7c45683133000000000000
0.699723099783161,0.626183218322826,0.312335593353673,0.0703033332235193,0.838468900021713,0.0509699772888344,0.537986437049501,18f87232dd7c45688b33000000000000
0.700316661616904,0.625629274731633,0.316598159244746,0.0735511182126289,0.829006272647139,0.0543167272997963,0.551714170614467,639ef53cdd7c45686c35000000000000
0.69028828216969,0.628312767810102,0.343649345532106,0.0747632579600667,0.817222916087385,0.0559015700022414,0.56871097681697,15a15d39dd7c45682037000000000000
0.681038667939618,0.633034968320498,0.410749383259916,0.0688478094133457,0.814198865244492,0.0548125099560633,0.573877840420662,60b64d38dd7c45684937000000000000
0.678339727295156,0.635135400305112,0.494118256593366,0.062968312748029,0.817826526490216,0.0528610006388437,0.56956165493305,01c6d03bdd7c45686f37000000000000
0.677182358573907,0.635203620009102,0.494482914577355,0.0586405500724427,0.825478876254021,0.0517830693722414,0.558985173749706,dd7e0d05dd7c4568cc37000000000000
0.663506305598107,0.632385435079746,0.487442210742141,0.0561105200063481,0.828651903790295,0.0480501388146055,0.554868287117973,bedff304dd7c45685238000000000000
0.635364556851884,0.626552557083189,0.527811136922809,0.0530525610772999,0.823098686211846,0.0463793622330614,0.563509479315413,ee17af06dd7c45680439000000000000
0.595024504514834,0.617757887173916,0.593534894295738,0.0536060847242587,0.819455279412477,0.0438822886684592,0.568940926164372,81792100dd7c4568bf39000000000000
0.552156431316752,0.606818809012268,0.646079225964,0.0530714197041478,0.817239515845604,0.0434522163693052,0.572201802726646,1b746103dd7c4568153a000000000000
0.509279233528808,0.593919847875894,0.675673965519005,0.0467651191181998,0.81731289798008,0.041243783122,0.572810265954661,cfe5a702dd7c4568653a000000000000
0.465369811498366,0.578264255978988,0.684749018557684,0.0374943740917117,0.817664002421962,0.0348411065629058,0.573415947064817,88237f0cdd7c4568da3a000000000000
0.4220237593996,0.560670870708683,0.674744950093264,0.0267583955244398,0.818272749772583,0.0398703376023526,0.572821133887401,e779940fdd7c45684e3b000000000000
0.377014636054585,0.532570055549303,0.641337066752933,0.0174755451583682,0.819470353250474,0.0494360387833247,0.570717989496016,16b02e09dd7c4568ed3b000000000000
0.327917115406077,0.482201849187618,0.597820441557475,0.0181666534015729,0.829256690563045,0.0340738069162837,0.557532321523017,2a83d008dd7c4568a63c000000000000
0.265622718135568,0.416877533102587,0.584983640552495,0.00945245797970183,0.83314778598461,0.0191260194049713,0.552638772733876,f173580add7c4568173d000000000000
0.18276293400353,0.347378002566482,0.599283069825172,-0.00707958689283449,0.829390305069965,0.0108414495573299,0.55851952900223,7a4b9f15dd7c4568973d000000000000
0.0901478882764459,0.272627020202791,0.602553575097595,-0.0279635894042684,0.822799122675075,0.000667771583319034,0.567643546139537,95203517dd7c4568293e000000000000
-0.00370094029586649,0.187198092907786,0.581180777124353,-0.0645392142471535,0.82017319355372,-0.0232768779548089,0.567986627794114,c63b9816dd7c45680c3f000000000000
-0.0940189045199359,0.0908566888788869,0.557793143126881,-0.104466480241839,0.816629599893614,-0.0551281367327391,0.564945784676595,44190010dd7c4568db3f000000000000
-0.179592910945727,-0.0115689547609319,0.559070395985126,-0.133752602686834,0.811932018268958,-0.0772204007173913,0.562950840391273,70628713dd7c45688d40000000000000
-0.261247447633047,-0.118032463944324,0.591603189613602,-0.147524774915179,0.810601530717797,-0.0860874966137981,0.560134396471918,d3b80b1ddd7c45680641000000000000
-0.342733257292228,-0.230962654340705,0.638212884202145,-0.152224636109462,0.810864446833379,-0.0863668397151478,0.558450783883914,4ebf991cdd7c45687541000000000000
-0.421884188747393,-0.350863676555514,0.665517504872239,-0.153860318294891,0.810312880750084,-0.0832307615867672,0.559278712334362,31cfb01edd7c45681542000000000000
-0.499452140976357,-0.480583711924265,0.665308214532497,-0.155301885181619,0.810609225792632,-0.075683193542296,0.559523066311072,8fda5618dd7c45689b42000000000000
-0.573437682086847,-0.625255292148243,0.648957986658939,-0.152494575019056,0.812428384268218,-0.0807279380894983,0.556945711031971,26b9d21bdd7c45683543000000000000
-0.651131451710057,-0.78576801607305,0.655609875814085,-0.161460997838564,0.806901133557122,-0.0991417569282891,0.559474591804113,1439fd65dd7c4568c943000000000000
-0.72867313032942,-0.950211755210385,0.689613675601823,-0.184314811579771,0.803522742294604,-0.117594511202927,0.5536702843594,f2e97167dd7c45685044000000000000
-0.809441673291458,-1.11457903501734,0.725890848013517,-0.202167701602565,0.803521361703406,-0.125797716872852,0.545579119967597,d157e361dd7c4568f744000000000000
-0.89490610789277,-1.2823547673235,0.746694509601535,-0.228839796288717,0.798436068330537,-0.13398342010698,0.540537358153763,cdf3ec60dd7c4568b345000000000000
-0.983863670309977,-1.46389934348171,0.784183980651674,-0.264341444673598,0.788869193712165,-0.145399278338513,0.5354139012936,50945262dd7c45688846000000000000
-1.07380426997675,-1.66267597244186,0.816241464739013,-0.286659093147909,0.776766062297992,-0.168928006820154,0.534718970384875,be56d46ddd7c45684447000000000000
-1.16128634388755,-1.86954370051467,0.824112143440388,-0.293564498895565,0.767981578008579,-0.184145879030071,0.538622758583307,e95d6a6fdd7c4568d547000000000000
-1.24205609426822,-2.07836598917869,0.813143263562689,-0.296294639976816,0.758807963735476,-0.186786373617349,0.54911821234003,969cbc69dd7c45685848000000000000
-1.30932831689142,-2.2852879060801,0.789437076932742,-0.291139556188668,0.750018593011966,-0.191976134783743,0.562009815423281,eeb8f96bdd7c45681a49000000000000
-1.35266435977651,-2.48530184075914,0.772799063576673,-0.295197675072416,0.753793978241779,-0.197050399681682,0.553013662565006,cf7d2f75dd7c4568ad49000000000000
-1.37731035116558,-2.67968244177372,0.782645589625228,-0.314141165082965,0.753683780093814,-0.195931252414396,0.543035019451916,61a24c74dd7c45685a4a000000000000
-1.38561427791935,-2.8770817525507,0.821283085702916,-0.333592341971336,0.745047882455261,-0.203745432427767,0.540469796558358,9131c877dd7c4568034b000000000000
-1.37766284038212,-3.07725050992025,0.858691717180398,-0.345946543358388,0.733715835716667,-0.219200173873658,0.542156200122008,5d9bbf71dd7c4568bd4b000000000000
-1.35142755452387,-3.27656382146395,0.871023314789545,-0.362704042135881,0.720222340666214,-0.229347116226437,0.545092155605078,c1721873dd7c4568954c000000000000
-1.29993913232415,-3.47145725887625,0.86054849695485,-0.377905459508108,0.706666986594614,-0.261930559626503,0.53777468856855,6f7efa72dd7c4568894d000000000000
-1.22667804341707,-3.65175212117651,0.833387827645595,-0.407024712523298,0.692900217395467,-0.290337522271322,0.519542390272431,c4f9787cdd7c45687e4e000000000000
-1.13720998856889,-3.81292596041812,0.814235930533924,-0.45048136975557,0.68409719147653,-0.309820410807327,0.482792793198334,a3c5857fdd7c4568454f000000000000
-1.04646860101746,-3.9663368825427,0.827322299190278,-0.482755358926189,0.670291013671553,-0.330092568329023,0.456832701054946,e5a12779dd7c4568e94f000000000000
-0.965622518584451,-4.11980733056593,0.838805791529657,-0.502109323588237,0.663076654890039,-0.340460170261613,0.438523031745235,33c35878dd7c45687450000000000000
-0.898743474611838,-4.27965089526468,0.826328108601637,-0.508048672501483,0.659620284359114,-0.344344166260326,0.433837206788402,37235c7bdd7c4568f050000000000000
-0.845094606318606,-4.45195338084901,0.796002392266219,-0.508342707781296,0.659781698623265,-0.342990189637652,0.434319618967076,9adc3445dd7c45685451000000000000
-0.803999039046925,-4.63317345353379,0.774670529429039,-0.506014467637863,0.664392789879936,-0.338656520901091,0.433408975619903,8469ad44dd7c45681e52000000000000
-0.776198528208216,-4.82961646504201,0.77993177016358,-0.50479948019881,0.668057139925839,-0.33532527650017,0.431780154158577,a5de1446dd7c4568ab52000000000000
-0.756287028384555,-5.04163190495319,0.798777544033283,-0.510552924281561,0.658438954648464,-0.335912113138438,0.439268604336633,92b7d041dd7c45684c53000000000000
-0.736989774684161,-5.26518395039241,0.800925999426027,-0.524560461159238,0.636516759976675,-0.349263166093213,0.444632407352127,46865843dd7c45684c54000000000000
-0.709657965229362,-5.49154242038257,0.815108068354946,-0.550083244135534,0.609954741787052,-0.369800789197817,0.434293695327815,370a8542dd7c45682055000000000000
-0.67312461072914,-5.7139554759826,0.847995435288388,-0.570054752472888,0.593903606141405,-0.389653654691197,0.412899642989799,1140514cdd7c4568e255000000000000
-0.640644959221559,-5.93159303485268,0.862260138208423,-0.577930487285586,0.586194731209914,-0.40221351957806,0.400744773685461,9aa8644fdd7c45689156000000000000
-0.615520196767777,-6.14473338127085,0.859012026001072,-0.585258881470414,0.578301823754241,-0.398811772241541,0.40495458093974,3699b34edd7c45682f57000000000000
-0.588587756151233,-6.35272164587783,0.843000676280903,-0.584759236567334,0.576093090727339,-0.398023446585938,0.409573829770972,d0edfd49dd7c4568b657000000000000
-0.554466926413779,-6.55634655786089,0.832041090575344,-0.581457866345983,0.586938793506418,-0.398322669368151,0.398432746406514,1c7ccf48dd7c45682358000000000000
-0.522981819526066,-6.7609446491649,0.851409336701532,-0.58420860072733,0.598161375579436,-0.389707880769563,0.386045395345196,3283534add7c4568ba58000000000000
-0.498502014406227,-6.97952253397326,0.874515778896816,-0.586914858221634,0.605682860980161,-0.381208973195497,0.378627706155797,4fd0f154dd7c45684859000000000000
-0.484111425841012,-7.21943252699555,0.889295889668567,-0.563810638490649,0.590856141456551,-0.413038179742069,0.40299633509897,81ad3756dd7c4568525a000000000000
-0.485272260535972,-7.4472293341882,0.922622996771752,-0.538989320583602,0.587573791063556,-0.447200106027174,0.405289547757294,18ccbc51dd7c4568385b000000000000
-0.519801624208128,-7.64318420320955,0.985865678611491,-0.543123847717025,0.580450380802823,-0.442989880544713,0.414552538530271,b66f2253dd7c4568055c000000000000
-0.577095118877534,-7.7943645004388,1.08149387577571,-0.557046314516168,0.57387081563753,-0.42590430637203,0.423056984645368,fcfe135ddd7c4568a45c000000000000
-0.639108571130921,-7.91862724511248,1.20699161257787,-0.574329529863581,0.58513690827821,-0.404801955498369,0.404840421057473,e8d14a5cdd7c4568615d000000000000
-0.701785439346289,-8.03808291766217,1.35252445904777,-0.582267192606916,0.591036071643217,-0.394159329106741,0.395322275755286,8aeea05edd7c4568d75d000000000000
-0.763136606579458,-8.16783783937431,1.48207538146384,-0.582469814468925,0.592193539310735,-0.393182928004779,0.394262491693986,6d644258dd7c4568575e000000000000
-0.826953844304054,-8.30661687530062,1.59835369982689,-0.561225472154182,0.593378977912421,-0.412539546416605,0.403408577771108,428ccc5bdd7c4568025f000000000000
-0.906315902918453,-8.43411936802045,1.7012198593124,-0.532927456850067,0.605627221123032,-0.410706121005107,0.424881721116656,46c2e3a52283ba97f15f000000000000
-0.999810876231906,-8.53836936662274,1.79006595910272,-0.507429345751422,0.63284183260125,-0.381898677439639,0.442922198755075,b19751a72283ba978d60000000000000
-1.09928330899819,-8.6286950748251,1.8719719428898,-0.487841891304322,0.662619708779562,-0.34889865557724,0.448570104623464,61a231a12283ba97cb61000000000000
-1.20256844388447,-8.71759037212297,1.93622983575008,-0.474217551537604,0.679010809775421,-0.335730612758263,0.448717048571556,20ee8ba02283ba979762000000000000
-1.31542605805059,-8.8084228582384,1.98114349656389,-0.458287787004388,0.683202594682294,-0.335762753934864,0.458769977191269,09c6c9a32283ba979f63000000000000
-1.43979559032786,-8.89626759548326,2.01708244482265,-0.445237404877567,0.689785278362697,-0.328703366320808,0.466812617675824,f2bb41ad2283ba973164000000000000
-1.57444222665218,-8.98013752732974,2.07293845087871,-0.438541068873916,0.699350870430126,-0.325758717609777,0.460946145271638,35fc2eaf2283ba97a564000000000000
-1.72732288491096,-9.06158526408094,2.11898077210292,-0.43293485258377,0.700217227792911,-0.329493368059786,0.462274126168553,896723ae2283ba977165000000000000
-1.89758759503612,-9.13606754966774,2.16832385663163,-0.439952593312831,0.696271732492544,-0.321749811567384,0.467037952339528,0ba75ba92283ba971d66000000000000
-2.07895298531895,-9.20407838704762,2.24547754780508,-0.434696416458338,0.700892861123272,-0.321315853494933,0.465343255068273,78f1faa82283ba970667000000000000
-2.27471376941203,-9.26534477514011,2.33626291090755,-0.416060998398306,0.698358708430013,-0.330398562648636,0.479609372063854,0396a5b52283ba974568000000000000
-2.48290793896253,-9.31054680406615,2.36898585102241,-0.404021267818185,0.707108679024365,-0.311751601789949,0.489464064033719,5a02d4b42283ba97d768000000000000
-2.69791814352169,-9.34154503247405,2.37330089016808,-0.384364327610725,0.718733153541061,-0.28799381863868,0.50273877718671,f58de5b72283ba97486a000000000000
-2.90993830635577,-9.36221046382245,2.39595606544026,-0.370934992170768,0.726188197009815,-0.275908313233529,0.508854140982989,8887e1b62283ba97eb6a000000000000
-3.11657650695592,-9.3735618480533,2.4543309902778,-0.364373202779049,0.728160261921162,-0.274619510185231,0.511467424848413,7171f7b02283ba97bd6b000000000000
-3.31972813656695,-9.37312294797848,2.53887972913337,-0.36004362567314,0.732394726302039,-0.28183394859505,0.504515785596867,9d7ce8b32283ba973c6c000000000000
-3.52855303607833,-9.35881472200994,2.63638186918835,-0.357253561042342,0.73029529118276,-0.290937811198246,0.504374732529324,a08682bd2283ba97076d000000000000
-3.74448423920337,-9.32592392844792,2.7121276052446,-0.357750718432302,0.728447909320531,-0.295728064407306,0.503907708603101,f85649bf2283ba97a36d000000000000
-3.96990990616411,-9.27161835343323,2.76823459879616,-0.353050203861367,0.731012980447905,-0.296298802636774,0.503172530575877,f03fe2be2283ba97346e000000000000
-4.20587739503513,-9.19378791313429,2.80911328666819,-0.356089745265742,0.72354432790636,-0.272353074514098,0.52488808490366,d4b442b82283ba975c6f000000000000
-4.43077062121363,-9.10029178848981,2.83201055974654,-0.339725445118115,0.723640770894883,-0.275268933411288,0.534001564545059,21c114ba2283ba975270000000000000
-4.64207309846396,-8.98725754305621,2.83062798352335,-0.330945716694305,0.742810457845781,-0.265705523475402,0.517791590421568,113601842283ba972871000000000000
-4.85326335625899,-8.86031772969714,2.8142025137472,-0.321415828251255,0.747288107146257,-0.263727624840111,0.51836289427728,7ae5c8872283ba97ef71000000000000
-5.06707445786606,-8.71797726050331,2.78527869998314,-0.317127669684807,0.730017483146197,-0.261233427287425,0.546133327941851,ed46af812283ba97dd72000000000000
-5.26252947875532,-8.55151572266923,2.73726165064928,-0.323070512834111,0.732596822256715,-0.251574384043326,0.543725729618976,405a2c832283ba97d173000000000000
-5.43899408307611,-8.36987324290356,2.71098792810489,-0.332532554948123,0.744401006395411,-0.240781709131904,0.526605554589669,d0b9b1822283ba975f74000000000000
-5.60687417268725,-8.19216228947162,2.74046830973561,-0.341639589595745,0.745030350392296,-0.235013621053068,0.522475612574127,831ebd8d2283ba97db74000000000000
-5.76354531471945,-8.02323296349763,2.83617699543483,-0.347700269862893,0.743724716936122,-0.232533051065628,0.521446495738217,50073a8f2283ba97fb75000000000000
-5.91104569924561,-7.86403862615109,2.92183535881313,-0.347246936372697,0.743695534931081,-0.238050007023386,0.519296361107524,09d0128e2283ba976876000000000000
-6.05427688036985,-7.71471076362181,2.97139391686153,-0.339507422039905,0.758786057162371,-0.252258767978145,0.495322060697835,204abb892283ba977577000000000000
-6.21352407119236,-7.57387904905918,2.99906474916769,-0.344083206728484,0.769979818918577,-0.245929603071577,0.477761923596487,b781fb882283ba97ef77000000000000
-6.40507506129442,-7.45655809564752,3.050412561248,-0.351597325844946,0.76532644606246,-0.235913912764511,0.484767343351659,f6e1388a2283ba971579000000000000
-6.6192820343801,-7.3687292247099,3.11857532252158,-0.349080151557035,0.761570206838403,-0.238047770887835,0.491413396867,ce458c952283ba97b879000000000000
-6.84656530618658,-7.29603799263521,3.16505169132293,-0.332874709112664,0.758935916032866,-0.252186418854555,0.499612563426731,6cf910972283ba97137b000000000000
-7.09122521108938,-7.22219299571239,3.18789113706844,-0.304885449736092,0.766806011244767,-0.253193144851634,0.504922404987391,933f39962283ba97f87b000000000000
-7.35744875320437,-7.13884908229239,3.20271508850027,-0.278529983142695,0.774788107940742,-0.240914915998567,0.513891466686828,14d07f912283ba97e67c000000000000
-7.63850320841519,-7.03666110133308,3.24377314094298,-0.259412675279414,0.781700095223418,-0.218476115286516,0.523371963407851,0f3e87902283ba97b17d000000000000
-7.93051065833737,-6.92019900463664,3.30910155205158,-0.242171267289101,0.788476009011136,-0.189176411879732,0.532795406982617,d176fc922283ba97f57e000000000000
-8.22600344065174,-6.80667224618307,3.35609346524495,-0.244827990746743,0.797593637523056,-0.155661856409989,0.528841215100193,09e83d9c2283ba979b7f000000000000
-8.52375376655529,-6.7148992181016,3.37537087274497,-0.246114507671534,0.800944174018087,-0.145145494247128,0.526164294417475,aa0ffa9f2283ba974b80000000000000
-8.82627017278342,-6.65349012012515,3.37434508380744,-0.246049023713772,0.795062227989552,-0.151645635654583,0.533234969540358,dd66bb992283ba97ef80000000000000
-9.12844292215476,-6.61248600028945,3.35006557185101,-0.232342466645267,0.789211991895998,-0.176521199549139,0.540371794369837,56904e9b2283ba97ad81000000000000
-9.4321048535655,-6.56464796028508,3.30958056616536,-0.194501050803093,0.785759070068167,-0.19560736711061,0.553615193951681,0da3b9e52283ba979182000000000000
-9.73181573593873,-6.47906807513256,3.28575997982436,-0.168157366522939,0.789859408804342,-0.16967580598642,0.564849834265872,9e935de72283ba978a83000000000000
-10.0156002678568,-6.35934963362339,3.29181057261329,-0.147154355259652,0.79631573041136,-0.116920009413569,0.574940487899634,57bb39e12283ba976784000000000000
-10.2745583827882,-6.23477987940913,3.32567779380924,-0.112371906733037,0.790245012765474,-0.0781799898863226,0.597305000446048,ef738be02283ba972f85000000000000
-10.4975433011785,-6.11302374189668,3.34125547301063,-0.0607277120781829,0.795421681831645,-0.0616285833387744,0.599848656557238,d0f94fe22283ba97f885000000000000
-10.6882325813167,-5.98445211946167,3.33147333283054,-0.0118109876616518,0.804129623101522,-0.0428678668354167,0.592788660328486,70f519ec2283ba979986000000000000
-10.8577942494619,-5.83924077539931,3.33625552130941,0.0353487529644944,0.798636244081554,-0.0289536150607229,0.600076914635182,eac3dcef2283ba97a487000000000000
-10.9955728331395,-5.66907591754295,3.36501636428111,0.0704580531827405,0.796458544328149,-0.0025248075202424,0.600568959616937,52e47de92283ba976588000000000000
-11.1001670612981,-5.47706841690575,3.37798855607936,0.103122234682718,0.792307366544831,0.0233682691514635,0.60088997797409,9da781e82283ba97ef88000000000000
-11.1721979537442,-5.27018050512881,3.37693678494773,0.124193303805167,0.787215640759565,0.0355703297675203,0.602994452606071,bd0a68ea2283ba977189000000000000
-11.2070112466652,-5.04752518606711,3.36825369035858,0.137338678612435,0.782407109401116,0.0413733600701589,0.606024296206089,9c0951f42283ba97258a000000000000
-11.2015536576339,-4.80603242044599,3.35239443198949,0.154382357299651,0.775729692439693,0.0442819969923682,0.610285700933908,b9de89f72283ba97f68a000000000000
-11.1488628893088,-4.54256446759818,3.33665278732371,0.174861886784292,0.767742117243958,0.0495390147861796,0.61444385258054,223586f12283ba97b28b000000000000
-11.0403678442373,-4.25468954945388,3.34363373531463,0.179774924178001,0.76319186578054,0.0658903445327968,0.617152829646402,bb9d11f32283ba97578c000000000000
-10.8785532293074,-3.95372442464998,3.34356664998207,0.180843534706053,0.764666197437895,0.0729862098262999,0.614210253598946,7ee5e6f22283ba97198d000000000000
-10.6738316159727,-3.64648654726049,3.30221639767875,0.180143015400147,0.762466625486748,0.0724784107844599,0.617203385434293,e71bdafc2283ba97c58d000000000000
-10.433238876791,-3.33103320117933,3.22358309718085,0.179220893290888,0.760123953035126,0.0657915628691186,0.621098154630578,3f1faefe2283ba978c8e000000000000
-10.1430849230558,-3.00510115896489,3.12337034470688,0.17674875853818,0.760786735138193,0.0591921129816477,0.621658840324618,168161f82283ba973c8f000000000000
-9.8045698462752,-2.66614061125786,3.00439348198024,0.177917079583402,0.768564166289155,0.0440092055922185,0.612958257071321,b958e4fb2283ba970890000000000000
-9.42852110215687,-2.30529258786702,2.86100079964041,0.169843584354457,0.777732427764217,0.0485715342957569,0.603262988847951,f3270fc42283ba97d091000000000000
-9.02830055557302,-1.92714227254225,2.69006380827149,0.152194102367443,0.786355495137869,0.0736899800551503,0.594181602972118,79f2c4c72283ba978292000000000000
-8.62361358784067,-1.54968342886299,2.4935293671773,0.146069480052663,0.788317456957225,0.0848269868180928,0.591627988148805,bc2cb0c12283ba972793000000000000
-8.21265820882108,-1.18437836930215,2.28932448463636,0.147708438819786,0.790434706889521,0.0851403069529078,0.588342008850178,b853b1c32283ba970394000000000000
-7.78773377123861,-0.836175684035679,2.10846126965638,0.14949723243511,0.790259745757648,0.0838422802265834,0.588311638314004,76c97dcd2283ba979094000000000000
-7.35123043794772,-0.502437964207566,1.93482706303196,0.149136381503795,0.799324987912588,0.0837163344946421,0.576046420654861,1a201ccf2283ba973095000000000000
-6.92497035066682,-0.177191144252958,1.74688154845496,0.148517868502247,0.806082300156691,0.081913040822459,0.566977972987369,b7f82fc92283ba97df95000000000000
-6.51943317858564,0.143934060126712,1.57588764390479,0.144650334320421,0.814399898975598,0.0854838656620949,0.555447201848196,c44c33cb2283ba97b096000000000000
-6.1382910784706,0.459217262374683,1.43497596985009,0.142505729178326,0.82061243712593,0.0877898400092678,0.546425007825175,9657c7ca2283ba977497000000000000
-5.79170786750909,0.764408535731281,1.32037570077927,0.143313930984393,0.820650531263141,0.0891566018574012,0.545934907354866,42eda8d42283ba970e98000000000000
-5.48477619398562,1.06325298397535,1.23252967617091,0.143345009659843,0.822466546649661,0.0943535598316499,0.542308393439467,27643fd62283ba97b298000000000000
-5.21637154972848,1.35385907887441,1.17262834762597,0.141806427944307,0.834001242103151,0.0998554486341482,0.523795527417093,823705d02283ba97ba99000000000000
-5.0023701571413,1.63474169048037,1.1445952723523,0.142408002565862,0.848639470428329,0.0978894937771185,0.499948654408017,4f28d4d32283ba97829a000000000000
-4.84892722140046,1.90942942273202,1.11773788018433,0.139994590174834,0.85475168947737,0.0983492672631468,0.490029066164615,3ffd42dd2283ba97119b000000000000
-4.76296611337734,2.18039301997983,1.06268462901346,0.125390719022267,0.845251329579458,0.11369747319134,0.506853274643798,a32b0adf2283ba97b49b000000000000
-4.73551858547208,2.43041211920746,1.02105907988299,0.123767040251482,0.817337078033058,0.11421687747333,0.550995758168802,7c85d1de2283ba979c9c000000000000
-4.72571277882566,2.64937028872768,0.998486704720111,0.12341590485856,0.811515697816356,0.11635090765336,0.559171935019825,4d4b70d82283ba97359d000000000000
-4.72776345887723,2.83576336469349,0.996417476329029,0.123817347628951,0.813620404248272,0.117963712608782,0.55567586300339,1d518adb2283ba97b69d000000000000
-4.74499230779955,2.99057905357839,1.02123844608994,0.128418917943344,0.814175652861689,0.111755173094914,0.555101224181707,36c41d25dd7c4568749e000000000000
-4.77136825159239,3.12049467548391,1.0427931967549,0.126257715125411,0.815870307337664,0.115200056640588,0.552398024911442,d2079b24dd7c45680b9f000000000000
-4.81033341116324,3.22795341155893,1.03581897062687,0.123587650570714,0.816430606503223,0.119893334940217,0.551173970383312,140d2626dd7c4568c49f000000000000
-4.86287522575718,3.30912686878245,1.00565855008756,0.127400241431208,0.816268855595072,0.116620734283266,0.551247619681041,5be55321dd7c45685aa0000000000000
-4.92780669947461,3.36981186208436,0.959262949075874,0.14568862641337,0.813167568284596,0.0945295320385885,0.555515524172339,221afc20dd7c456820a1000000000000
-4.99771246200444,3.43147291053465,0.903480529070109,0.160430057399216,0.800830567654928,0.0841628640066824,0.570832033889623,c3ac7022dd7c4568d9a1000000000000
-5.05468267317607,3.50367670161359,0.865422747098679,0.163615514265403,0.791551875094153,0.0938305813969557,0.581267076756725,9c82842ddd7c45687aa2000000000000
-5.08883823499054,3.58601293432125,0.859326440324891,0.185126874474828,0.783002937651416,0.11249551206583,0.583077353137199,90f6062fdd7c456862a3000000000000
-5.09257090385425,3.66934560193148,0.874141415237905,0.224798921088975,0.77435793666159,0.134991179157064,0.575858153155987,2dccac2edd7c45684ea4000000000000
-5.06979251475462,3.75412839577053,0.869566932638515,0.272095720147653,0.768745021759234,0.154956493299802,0.557658942169812,aba53a28dd7c456812a5000000000000
-5.02924746796539,3.84737273712455,0.850860353908377,0.308615854708174,0.760497218559856,0.178396429946154,0.542747591950377,4850b92bdd7c4568e0a5000000000000
-4.97934869377147,3.95018990702078,0.816875962125649,0.327396229017398,0.763546987573269,0.192615028979472,0.522213708747876,5c7efb2add7c456879a6000000000000
-4.93064192881134,4.07013403925527,0.769139123684903,0.339068652456481,0.765470786194337,0.210243355268746,0.504861026392125,67920534dd7c456810a7000000000000
-4.89364629326888,4.20801810044771,0.715263107382218,0.362263428899346,0.746911762878791,0.231538959282616,0.507225528625787,7a11b037dd7c456891a7000000000000
-4.85954007698497,4.35596866807059,0.658040111136165,0.395036086101033,0.720625483432194,0.257036374080553,0.508505364480667,51b8c936dd7c456875a8000000000000
-4.81693540925807,4.50295736106481,0.62334537762314,0.429590914781732,0.699258568544673,0.282936282412045,0.496423368052614,65866230dd7c456829a9000000000000
-4.77205045082085,4.65284545340553,0.606753004251366,0.458425338097837,0.690850531484706,0.291858103966768,0.476854904227803,9d578133dd7c4568d8a9000000000000
-4.72710937667251,4.81143542712347,0.596850221061675,0.469514623509309,0.685619651508214,0.297834162623909,0.469868623501062,b89e3a3ddd7c456863aa000000000000
-4.68153025300015,4.98240336217795,0.568213853678874,0.469725313839996,0.686685554016575,0.302067523046036,0.465377578922426,ee2c663cdd7c4568e1aa000000000000
-4.63758052444052,5.16522167038275,0.531777949648208,0.465123689274857,0.692410267340951,0.304453631808528,0.459930387596619,05a9f13fdd7c45688eab000000000000
-4.60331870842917,5.36237021318021,0.519958066241156,0.463686419527977,0.698865083625309,0.297076208410052,0.456429869346236,cb5f3239dd7c456814ac000000000000
-4.57982079686668,5.57748973867265,0.51184703273739,0.460977449241521,0.697948797838262,0.291798396631747,0.463919133696863,760d5338dd7c4568a4ac000000000000
-4.56022609340611,5.80826165564778,0.484544657575188,0.461781484153608,0.687569278135544,0.289790677422025,0.479612043151901,23fb813bdd7c45684ead000000000000
-4.5275391431505,6.04799380742193,0.440305831978424,0.482036826537838,0.661703032902579,0.298801414407074,0.490415445165822,d29b2105dd7c4568e8ad000000000000
-4.46486330933844,6.28390991503703,0.394181630673348,0.505511148528661,0.62928686896617,0.330156963111061,0.489339243234456,f0eabb04dd7c4568c2ae000000000000
-4.37156561049507,6.50249511402748,0.377355470572625,0.531208651142048,0.616936468960281,0.360253160270527,0.45543871457504,c1b0d207dd7c456886af000000000000
-4.26773132647911,6.70653343852841,0.390022961990467,0.556883758459769,0.608079604024609,0.368497289926061,0.429336024635886,8031fe06dd7c4568fdaf000000000000
-4.16160002090753,6.91056709656245,0.415581860816277,0.574866807280405,0.601770415016832,0.363705511708429,0.418472008921282,5c1d1a0ddd7c456892b0000000000000
-4.04830841852011,7.12545988241995,0.435610743608276,0.579030896680506,0.604577941337523,0.361530466912817,0.410492941512095,9d4a171fdd7c4568f9b0000000000000
-3.92915166060132,7.35833189338473,0.484317677368665,0.570676597823086,0.615705846130687,0.368405016629217,0.399389879015465,4c45ac69dd7c456886b1000000000000
-3.81685288258298,7.60897540688151,0.5406890197595,0.566141233992505,0.615856845300587,0.367990742670535,0.405939974107799,c1cad57bdd7c45686cb2000000000000
-3.70993022230785,7.87278997420152,0.577451575560397,0.556471817358595,0.611175579625841,0.375936392367591,0.418897787351855,fe0f9f45dd7c4568f1b2000000000000
-3.60748236747832,8.13922836354793,0.593501600797992,0.550543621188223,0.616736655666594,0.380658446125484,0.414290678291795,18861747dd7c456882b3000000000000
-3.51554754704176,8.40541680653783,0.59105374201594,0.555966906951254,0.62617925977138,0.371403921662806,0.401072886120104,d661ad46dd7c456809b4000000000000
-3.43851584800087,8.68497651223492,0.581935223686466,0.552369460710918,0.626267626757363,0.37586001836308,0.401753761831468,87652e40dd7c4568afb4000000000000
-3.37848518530649,8.972866579342,0.595901538994657,0.541712736007358,0.616890112826538,0.391222098011851,0.415859556066094,b3d5bb43dd7c45687eb5000000000000
-3.33466674407688,9.24810808176188,0.635232506630317,0.544899117160967,0.618036236317237,0.387776625859459,0.413213566032235,268ec942dd7c4568fab5000000000000
-3.30637188221607,9.51831550294969,0.673651368861683,0.552971405813485,0.623239746185467,0.378210460186171,0.40342495080634,37a9b24cdd7c45687ab6000000000000
-3.29193800729634,9.79424584718247,0.695870140681476,0.548520887174978,0.619339996769725,0.385527206016803,0.408548134440644,aa62cb4fdd7c456811b7000000000000
-3.29153808645624,10.06923447979,0.712315354532715,0.547372734098162,0.61684627810775,0.388100275153841,0.411414554404716,86f06f49dd7c4568adb7000000000000
-3.30365699128288,10.3405608452413,0.729856928279461,0.547703983852124,0.616143792784319,0.388596670605118,0.411557772712998,33af8748dd7c456811b8000000000000
-3.32619683471255,10.6073813795687,0.753101343242045,0.547245265266925,0.615493982295887,0.389539598650047,0.412248321384142,94d2d34bdd7c456893b8000000000000
-3.35966384973183,10.8702599751971,0.778816829574027,0.543621083518609,0.619122520397568,0.393303349756017,0.408014579839143,5e32c44add7c456818b9000000000000
-3.41092372517139,11.1280648716044,0.805019752797858,0.529567723640763,0.624188329439494,0.400084582401059,0.412164144964655,10d60754dd7c4568bdb9000000000000
-3.4872564842566,11.3748620320993,0.83283216285989,0.508467478777552,0.635707980401609,0.394235560451722,0.426514372037594,2a201857dd7c456858ba000000000000
-3.58286575223606,11.6052140440714,0.856649442797218,0.515173624566561,0.636127348806922,0.359989202976595,0.447600163528907,59b2b156dd7c4568d6ba000000000000
-3.67327414113238,11.8276216425209,0.862263633128981,0.51786575877439,0.641254404369181,0.3449299553826,0.449033596344315,9e995f51dd7c45683dbb000000000000
-3.75238987865136,12.0506715291662,0.858750272202485,0.510879280578643,0.647817626964132,0.352436141113896,0.44172780001575,b7042253dd7c45688fbb000000000000
-3.8307701278356,12.2722741666257,0.876135967505793,0.508783330991662,0.648571014290612,0.35637663195308,0.439875957202545,fe6d7852dd7c4568e7bb000000000000
-3.91268053393997,12.4897233024902,0.892284983850868,0.505525937482851,0.651556111319263,0.363450456951101,0.433384270222905,83bd5a5ddd7c45684dbc000000000000
-4.00915383619097,12.7070404277922,0.886103551010139,0.489419967746639,0.663135523779235,0.368816084421089,0.429760477644483,fe72b65cdd7c4568a7bc000000000000
-4.13319742888116,12.9199526066042,0.876797903581796,0.46528089405004,0.678424390931649,0.34685586415511,0.450494222962102,60bdbe5edd7c45680ebd000000000000
-4.27730209187604,13.1237670613997,0.896591584515145,0.425031642453302,0.691913966812929,0.317981840664422,0.489377885125914,e22c8859dd7c45686dbd000000000000
-4.41922498708106,13.3090136916961,0.941200296022049,0.389782776339641,0.703694779185011,0.299059787592192,0.513270190505969,74f8b658dd7c4568ddbd000000000000
-4.54860053105062,13.4700859946168,0.985710682720806,0.378906809957897,0.719169739819836,0.28356313700784,0.508740073146664,092d245add7c456838be000000000000
-4.67396093809323,13.6157565172576,1.01346771435197,0.370248541646878,0.726008479256252,0.288526679379281,0.502573438158793,5db768a52283ba9770be000000000000
-4.80453254351364,13.7407473161656,1.02797461034323,0.361177961563187,0.722530372042347,0.304963691154454,0.504477441155558,a73356a42283ba9792be000000000000
-4.94274799856517,13.8322499190797,1.02391492541348,0.358960059388771,0.708915619819142,0.312941311735957,0.520244226444687,056ce5a72283ba97c1be000000000000
-5.0783198635698,13.8803934357468,1.00289142634672,0.361554610980765,0.685989204215869,0.311314232720746,0.549345541060743,79066fa12283ba9700bf000000000000
-5.1881706333619,13.8725335462244,0.978762778442971,0.359284499008157,0.684676794066143,0.305561551572643,0.555665794016769,a2321ea02283ba974fbf000000000000
-5.26607497307105,13.8068527589834,0.983951948084073,0.354477122601378,0.702042559383527,0.290185594814734,0.545228883065171,73f1fba32283ba9794bf000000000000
-5.32633050892384,13.7078399163327,1.02764080040721,0.347399435223433,0.712479533003709,0.276933820840001,0.543133691030316,6cb192ad2283ba97dcbf000000000000
-5.36855712144509,13.5790190299364,1.0681950988451,0.327365105833206,0.726271433441619,0.252704135696305,0.549092444176254,603cfbac2283ba9735c0000000000000
-5.39168235293743,13.4330670864443,1.08948549507169,0.308883576864684,0.754837249093593,0.22528182938003,0.532972570284141,5af5d5af2283ba9784c0000000000000
-5.40973749028934,13.2885383252705,1.13181409390948,0.301327756513618,0.76992767699332,0.206739101908849,0.523136596976413,21816fa92283ba97b7c0000000000000
-5.43409335148494,13.1606932191079,1.1653572279157,0.302760837890688,0.780509008360708,0.195659795010739,0.510743387156279,31c252a82283ba97eec0000000000000
-5.47312068423351,13.0574940277393,1.17997716220117,0.300370955432324,0.776608728115166,0.199776595596754,0.516474088798061,8f80a1ab2283ba971ac1000000000000
-5.52439866763941,12.9719240431171,1.17580569196953,0.285627370901967,0.762781774293481,0.220885389256064,0.536461195810579,779af7aa2283ba973ec1000000000000
-5.57972471673656,12.8757512757874,1.15233651162226,0.255943392279236,0.762894057772041,0.237448583609442,0.54415421224739,609169b42283ba9781c1000000000000
-5.63900874299572,12.7501043606281,1.11481405684722,0.249429662822376,0.767946223244858,0.224534201655346,0.545552778194072,6708f1b72283ba97c8c1000000000000
-5.69801041856492,12.5973462684675,1.0903125077317,0.254043551079184,0.768519166940845,0.204735980134522,0.550384722387881,ff795cb12283ba970ac2000000000000
-5.74900917893654,12.4294748332584,1.09680990576105,0.254503012255259,0.765452285325825,0.198141962119585,0.55682203484585,886877b02283ba9751c2000000000000
-5.78803924182577,12.2539924710824,1.12707746326373,0.259689279907964,0.776268191153966,0.190706737120277,0.541848792303139,c087a5b32283ba979cc2000000000000
-5.8258379040621,12.0783260005984,1.16638057831834,0.262154453724239,0.782135748730412,0.189842894566192,0.532445667024527,5ed012bd2283ba97f2c2000000000000
-5.87199755327649,11.9100652521652,1.18477329964932,0.260056976931588,0.78296672048255,0.195591785513307,0.530167272477017,fde71ebc2283ba972cc3000000000000
-5.93096821100589,11.7457097306219,1.18027444547639,0.255618693016886,0.784513753535146,0.203590490440621,0.527018184218233,c5a36bbf2283ba9771c3000000000000
-6.0052803154416,11.5793668727049,1.17608992262815,0.255308864243922,0.78434572705512,0.204040154800876,0.527244515872558,872495be2283ba97bdc3000000000000
-6.09926025913828,11.4117372105194,1.20863944154512,0.257296257550659,0.777921208380745,0.199830831811313,0.537312635305987,a9c1fab92283ba9710c4000000000000
-6.20383296784682,11.2433081613689,1.27525498851383,0.257168594815667,0.771403661798988,0.198125248487265,0.547308953257214,4d8d70bb2283ba9762c4000000000000
-6.30364546051004,11.0685194647386,1.35871230051368,0.255426546175052,0.760604892677435,0.200750751485943,0.562082389443096,40f1d3ba2283ba97cac4000000000000
-6.38659489399661,10.8827884936149,1.42532320386402,0.256634606354649,0.745053887984115,0.198328602923089,0.582837154000604,ccb191852283ba9711c5000000000000
-6.43211152914673,10.6821915982158,1.47914166725369,0.259695271240452,0.730283336853858,0.181461566200334,0.605240707488405,60e811872283ba9775c5000000000000
-6.42176854674047,10.470123912658,1.5504681081309,0.24527368946233,0.74941445264465,0.174145772862574,0.589823740806483,d2793d862283ba97e2c5000000000000
-6.36776337629843,10.2509941903138,1.65487617850033,0.229537994662142,0.756878632219346,0.178887864686719,0.585189009606367,a2294c812283ba973bc6000000000000
-6.28695560987216,10.0216331968029,1.74259202384669,0.227444548236228,0.766463725366099,0.173950846928798,0.57492907217177,4fa12c832283ba9796c6000000000000
-6.18711089551127,9.7852600503864,1.80163205865381,0.231655082883676,0.777975583083968,0.166539582982934,0.559780744577007,3be6d3822283ba9703c7000000000000
-6.08271059759515,9.55067014829684,1.84041609765949,0.232413044062762,0.77819715833986,0.167059576654361,0.559003092611582,4449cd8d2283ba975ac7000000000000
-5.97654075385245,9.31896859072079,1.85800531308891,0.231235241270812,0.76954390617662,0.171065010135972,0.570148403460045,e1e2468f2283ba97c0c7000000000000
-5.85923209868057,9.08537886554343,1.86840843700232,0.23707607655814,0.776936223366096,0.164922763347315,0.559433213954367,4e978c8e2283ba9728c8000000000000
-5.73489715995075,8.85458747076715,1.89884834058003,0.240436135423028,0.78611095755316,0.162515366495759,0.545718593095785,0e23fb892283ba9793c8000000000000
-5.61810109254541,8.63500156864255,1.92229233536387,0.242480365270935,0.793133346738224,0.162587948230493,0.534516534674182,d131608b2283ba972dc9000000000000
-5.51617682810572,8.42990413718024,1.92242789228739,0.242780251963581,0.795874941394503,0.162569407527126,0.530294271752087,6484968a2283ba9791c9000000000000
-5.43383630945504,8.24017523870961,1.89919641775795,0.248336369321691,0.807021664667971,0.154750229865007,0.512930255283684,ccca8e952283ba973dca000000000000
-5.38284971115983,8.07654627121789,1.866996904575,0.247006671959417,0.800700307678523,0.156869485393566,0.522741509585195,9847e8942283ba97adca000000000000
-5.35480203138757,7.93307683442254,1.82563333214112,0.242883834496066,0.788625469578641,0.161710759424807,0.541227255373016,302768962283ba9728cb000000000000
-5.33767505409323,7.80268291541511,1.79682561665773,0.244276281789173,0.795339549854093,0.158103540428401,0.5317587508421,330fb7912283ba978bcb000000000000
-5.34116860742471,7.69214937185332,1.79631543211229,0.245222632188013,0.799856080293243,0.155816732421739,0.525183070346069,1906a6902283ba97ffcb000000000000
-5.36992663362536,7.60241812778161,1.8321181245619,0.24139450461888,0.790299411262201,0.160520574799556,0.539804296726549,fa13e9932283ba9782cc000000000000
-5.40613001653109,7.51960813527901,1.85743657184516,0.242149768263638,0.789056042336348,0.159975040659924,0.541444399867818,2489b79d2283ba97f1cc000000000000
-5.44900744175519,7.44600251009559,1.85278581769375,0.248149131411785,0.798090062470831,0.153403433203456,0.527201714191328,1441379f2283ba9770cd000000000000
-5.50766584168594,7.39085549280998,1.83077574485675,0.248413317392694,0.797849304631608,0.154557008596176,0.527104773204168,7b14979e2283ba97eecd000000000000
-5.58210166928033,7.35357621787924,1.8203903838591,0.24547235708894,0.789157163385203,0.158651074062699,0.540188976268279,946211982283ba9770ce000000000000
-5.66283126959979,7.3263759310047,1.83360373998366,0.237882521767333,0.785723634007405,0.169325381621811,0.545324849918322,8d13219b2283ba9708cf000000000000
-5.74833717510758,7.29569483365531,1.87597188688676,0.229113628945506,0.781302131856816,0.181776815812392,0.551390164058558,4185519a2283ba97c3cf000000000000
-5.83459776962143,7.25035670431033,1.94203491718416,0.229190874214007,0.779798155238552,0.180814277563807,0.553798318246498,2c9ea8e52283ba974bd0000000000000
-5.92092887703049,7.19318186195342,2.00309443525288,0.231405708207283,0.776178681371018,0.175944528199293,0.559501184798533,22ca27e72283ba97c3d0000000000000
-6.00314795406968,7.12618639389631,2.02317928005349,0.231630440865825,0.764425925554561,0.173992848278853,0.575957317821528,44b944e62283ba9750d1000000000000
-6.06704168181677,7.04625281268833,1.97216746690023,0.234291845313256,0.770608307520566,0.170347849325759,0.567672245076406,b1a686e12283ba97c2d1000000000000
-6.11720648431437,6.95693099635782,1.89382930202687,0.229396389513576,0.777863478847563,0.176863411585706,0.557696188256265,9e9b6de32283ba9740d2000000000000
-6.16528108720738,6.85453792291986,1.80703509024546,0.207325327670431,0.780018874716564,0.206913563651502,0.552967938283305,6e09c9e22283ba97bfd2000000000000
-6.21837507309242,6.71158238143219,1.73965924292381,0.194955536109881,0.777787149246368,0.222375719406941,0.554606643329813,0607bcec2283ba974ed3000000000000
-6.27951625092001,6.51221177205786,1.70712129449915,0.1996178396447,0.779497057286553,0.21636507623302,0.552922426352799,738211ee2283ba97efd3000000000000
-6.35218647890283,6.26363522343827,1.71980078832156,0.20307177279954,0.774668595799613,0.212523180178313,0.559896704456102,ff63f7e92283ba97c0d4000000000000
-6.42750469725952,5.96921684252792,1.76447595782658,0.200295387051113,0.775769709891136,0.218852638795999,0.556926061190797,1f57fceb2283ba9798d5000000000000
-6.51121128396998,5.6272717969474,1.83636031871715,0.192696296468378,0.782394450086569,0.209907185949481,0.553774353945608,e33002f52283ba9767d6000000000000
-6.60167970470011,5.24716848391991,1.91389410936282,0.198133153644518,0.787356219904162,0.175246255007412,0.556868194917778,ffd0d3f42283ba972ed7000000000000
-6.69300698042393,4.85337279609993,1.97249957536998,0.188638765405268,0.791273257736035,0.160662307651775,0.559007755472306,4d6e6df62283ba97e7d7000000000000
-6.78325300335732,4.44873674601936,2.03093831920944,0.155087040805122,0.789197529241891,0.153511687158895,0.574063961173695,ee567ff22283ba97bdd8000000000000
-6.86762862378921,4.02324556162913,2.11246867694758,0.121274917761722,0.7909845482087,0.144481105315102,0.582031828188024,b9bd28fc2283ba97a9d9000000000000
-6.94417908209682,3.57090250581824,2.21850045090073,0.0875294043285643,0.797402264023186,0.14110912403068,0.580152090252097,365bd9ff2283ba9766da000000000000
-7.01545485348225,3.08476464523426,2.32581556758333,0.0717321022818827,0.805515726000769,0.128257409466654,0.574063548385175,f8c1b8f92283ba9714db000000000000
-7.08597070778373,2.57023234739003,2.40540579589608,0.082413488870636,0.80509512558624,0.100224589558046,0.578778789571083,f99f65fb2283ba97c6db000000000000
-7.15258038000277,2.0459261411369,2.45350797258704,0.0894422356886264,0.804076331295046,0.0926300008513915,0.580414526755139,37ce1ec52283ba9771dc000000000000
-7.21514304326225,1.51981902939972,2.47287522713274,0.0916262026162068,0.803103518239108,0.0959877791463068,0.580874964377585,d63b40c42283ba976ddd000000000000
-7.27329956194112,0.991384326160637,2.46204899720401,0.0937995613269967,0.799986171487346,0.0993722160962975,0.584250742739787,e484eac72283ba972fde000000000000
-7.32293723131162,0.459464373355919,2.41886950229882,0.0960594725456427,0.799868015662832,0.0994941255644451,0.584024532217631,3063d4c12283ba97ddde000000000000
-7.35630353436591,-0.0809137658585182,2.37383198911791,0.0893942062021004,0.802650071278696,0.085021861513925,0.583551901752112,519358c32283ba9711e0000000000000
-7.37352060023271,-0.620815007017773,2.34937609834044,0.0885955017909058,0.811474830384185,0.0652129347555779,0.573939639557977,3f26ebc22283ba97e8e0000000000000
-7.39302450308737,-1.14428980893235,2.33865353757212,0.0859250199354648,0.81386395436708,0.0588688417620467,0.571643957547584,a38d8fcc2283ba97c0e1000000000000
-7.41885080061252,-1.64780336336068,2.30169488891784,0.0883828737565569,0.815703143764415,0.0535576846702291,0.569164671507419,e810d0ce2283ba977ae3000000000000
-7.45009982899508,-2.12716424059147,2.24596477972343,0.0873737096894998,0.81382777135548,0.0568043368880226,0.571684756431707,4b1db7c82283ba9718e4000000000000
-7.48038340524747,-2.58657356160504,2.19415099315571,0.0895016245977625,0.812135812354536,0.0553651099655295,0.573898585190889,9fb7d7cb2283ba97b4e4000000000000
-7.5058090110263,-3.02586267429443,2.17218339378114,0.0868120871992693,0.806465579753905,0.0599583250034068,0.581791998441961,d6e17fd52283ba9729e5000000000000
-7.52068010793686,-3.44836426332718,2.15377598940234,0.0889039352861713,0.805067319535833,0.0567117781801559,0.583734936012627,d56ff5d42283ba97aae5000000000000
-7.52667707189467,-3.85290567106843,2.12516281046138,0.0911791551779714,0.806430245109726,0.05321089665217,0.581829203384267,e6ce74d62283ba9744e6000000000000
-7.52101176249488,-4.23599532126754,2.1228682986669,0.0890356040476485,0.805842733263635,0.0551988647600802,0.582789186402135,af99fdd12283ba97c1e6000000000000
-7.50319553571793,-4.59987955202769,2.14486671102988,0.0888161703410761,0.808706494339654,0.0515865421730878,0.579175554184943,f9e840d32283ba9754e7000000000000
-7.4785993150973,-4.94355750830303,2.19446867241136,0.0978941028164909,0.814555646672395,0.036581607754352,0.570594101863994,ccccc1d22283ba97e6e7000000000000
-7.4570086098154,-5.25323975788385,2.25290861493897,0.111004492745809,0.819816899336565,0.0211935906931901,0.561363595066473,680d7bdc2283ba9778e8000000000000
-7.44285599735303,-5.5205857661825,2.29303919267713,0.104023798639438,0.818269573362399,0.0194093099501446,0.565010825837167,4bbbfedf2283ba97dbe8000000000000
-7.43361233035059,-5.75324613122203,2.30543730626864,0.0600504715222255,0.81917204820139,0.0257279040067451,0.569815032506968,00d28fd92283ba9702ea000000000000
-7.42904986829387,-5.97554339694333,2.29185103040338,-0.00441180484887011,0.819330493262935,0.00494401752429684,0.573283207043613,5bcc68db2283ba9716eb000000000000
-7.42463957353967,-6.20213839406991,2.28257138005543,-0.0817530826428635,0.812869445065064,-0.0472235091760172,0.574743106908736,5858d7da2283ba9703ec000000000000
-7.41789336164885,-6.43025881763559,2.30572889583951,-0.161161679316089,0.794361582862927,-0.0930046837188506,0.578244513677285,c2c94424dd7c45682ced000000000000
-7.39291700955293,-6.65612199609303,2.35743453793237,-0.216162098827365,0.772898854733302,-0.102261917780467,0.587744678882216,431a3826dd7c4568cded000000000000
-7.33319757945527,-6.89915234833492,2.43062668014905,-0.249843770853967,0.761480261983474,-0.119775656550322,0.585986085903915,29d15921dd7c456859ef000000000000
-7.23304562412552,-7.16532889698391,2.52446671665984,-0.283060767057827,0.752649831749047,-0.154998388270976,0.573907947805366,08b9fa20dd7c456820f0000000000000
-7.09683760836367,-7.44035879293017,2.62783755437977,-0.314559756131261,0.738023277293617,-0.188353179905245,0.566477609102966,c2627622dd7c45680ff1000000000000
-6.93425792851236,-7.71201564079017,2.70836254828972,-0.323736330760507,0.730655301760494,-0.222688001355928,0.55834368645764,9787a32ddd7c45682cf2000000000000
-6.75180323202365,-7.96572518752143,2.76048014136213,-0.328139607282031,0.725041629932941,-0.238315495712358,0.556637006944698,e5bac82cdd7c4568dff2000000000000
-6.55149045255512,-8.19739301269002,2.78388655362202,-0.340800782995696,0.719574692271134,-0.249045319140137,0.551401412372883,2509462edd7c4568d8f3000000000000
-6.33848360063571,-8.40560666993299,2.78228611279741,-0.343831445535718,0.712653809167588,-0.258278578076215,0.5542532466722,1464c329dd7c456818f5000000000000
-6.10956107148159,-8.58581196800262,2.74887874890137,-0.349765953251104,0.707259317040576,-0.266727497268371,0.55344781019225,f9576d2bdd7c4568cff5000000000000
-5.86046842695163,-8.73647260697613,2.69855266335336,-0.371783523903365,0.69138976335546,-0.286977029575383,0.549000356081275,6b5be22add7c4568d8f6000000000000
-5.59140134305534,-8.84742181552691,2.66767083921406,-0.400373971088778,0.688790987631941,-0.302348500743039,0.523309700588527,57feba34dd7c4568c6f7000000000000
-5.32135777541992,-8.92491136935835,2.66823652374906,-0.414492486267624,0.694274062705396,-0.309775073444691,0.500218860654577,39378c37dd7c4568b8f8000000000000
-5.06453144067972,-8.98345740233053,2.69052650440326,-0.418465918479164,0.694879967850447,-0.310056833091137,0.495875857049974,b3203531dd7c456867f9000000000000
-4.81954772382838,-9.02452979476979,2.69325323800003,-0.413089332930944,0.690795453931828,-0.314081183451287,0.503499606799874,063e4430dd7c4568faf9000000000000
-4.58281400026455,-9.04889555357574,2.66951616599419,-0.417070651637059,0.695468351573326,-0.309077134051955,0.496837165185083,c80aec33dd7c456894fa000000000000
-4.35169255400302,-9.06053679231996,2.65966527944691,-0.432871634158444,0.68792702094949,-0.318829264612028,0.487572007210742,18b7b63ddd7c456893fb000000000000
-4.13277606130147,-9.06025775156558,2.67253758221203,-0.445030914791892,0.678404370390719,-0.329667477468541,0.482736314579495,66f5343fdd7c456819fc000000000000
-3.92508232578967,-9.04714313270965,2.66817339684376,-0.451796528507593,0.672907233099855,-0.335269661246127,0.480281174644907,d6b2683edd7c456897fc000000000000
-3.72685243260451,-9.02060437550555,2.63610170629124,-0.453643200023719,0.672147911408852,-0.337878496164368,0.477768933785636,c6281238dd7c45686dfd000000000000
-3.53958867075797,-8.98506008117915,2.57883576129748,-0.452214525531606,0.672059614587474,-0.340947641505474,0.477066665247756,7abeba3bdd7c456806fe000000000000
-3.36496220503089,-8.9412981489882,2.47154958261823,-0.449740831910445,0.672367109423758,-0.342049836216833,0.478181517649604,98c7ae3add7c45689efe000000000000
-3.20122273918872,-8.88727125506443,2.29346733874098,-0.451737313480412,0.669362660233929,-0.337176413549216,0.483941210107329,b86be505dd7c4568d3ff000000000000
-3.04246348579732,-8.82035275584561,2.08883526441869,-0.447480573412688,0.661271960486521,-0.341900151981826,0.495565148862759,2b152907dd7c45686000010000000000
-2.88274897094296,-8.72793940815347,1.90286296768452,-0.444094261856656,0.658151790609086,-0.346348865196461,0.499658854300781,d9e2b306dd7c45683101010000000000
-2.72000377425185,-8.60198770903607,1.72527672026864,-0.44353259170808,0.6591290977132,-0.34648893867758,0.498771578996419,e1008c01dd7c4568ab01010000000000
-2.55731929877591,-8.45026615255198,1.53096892437588,-0.440734348050732,0.659026758047873,-0.348763238766126,0.499801130361435,0c0c4903dd7c4568a702010000000000
-2.39299449056313,-8.26671088360724,1.34630712737135,-0.4407479104927,0.662281431613551,-0.348471877774272,0.495673214060127,1c98ff02dd7c45688103010000000000
-2.23177578296842,-8.05671829685683,1.19158563688119,-0.444136029464609,0.668835233093225,-0.344676615006568,0.486416127787883,9ef8270cdd7c45684004010000000000
-2.08055522436336,-7.83520397875084,1.07096158246248,-0.445400322083131,0.67301024162098,-0.342723109597188,0.480849912040698,5568f80fdd7c45681305010000000000
-1.94452017140667,-7.60360966294075,0.961295577692867,-0.432799059292077,0.682451397064551,-0.333467195203198,0.485535472075777,462cd10edd7c4568d605010000000000
-1.82013814471028,-7.35673592194997,0.831366747105038,-0.401184351426275,0.700388791106693,-0.319952737778504,0.496121863105048,453f5408dd7c45688506010000000000
-1.71167755868465,-7.09626658040897,0.690781191166315,-0.356118460424373,0.72677149763162,-0.299000676680351,0.505550618355826,d7d4a90bdd7c45688007010000000000
-1.62423982378772,-6.82036036857033,0.575171255047509,-0.313910987804097,0.74733220647669,-0.270114690139438,0.519608043691987,d874db0add7c45687908010000000000
-1.55473928592739,-6.52970722880293,0.493836642987728,-0.276005461689717,0.762113409023819,-0.236566648820121,0.535761474510399,f1486714dd7c45686809010000000000
-1.49361258287089,-6.22524152715692,0.445267959075166,-0.236746194195819,0.774908344976969,-0.204862977855761,0.549089661824843,3b90ae17dd7c45684f0a010000000000
-1.43620620336075,-5.90683420692207,0.425974531630695,-0.193842998713377,0.788500434858415,-0.176481285383685,0.556368863243817,27f13311dd7c45682e0b010000000000
-1.38057381941631,-5.57534992585604,0.434972480306006,-0.148437497646507,0.799905171834815,-0.144147084578577,0.563329072010184,b9b39110dd7c4568870c010000000000
-1.32899687586976,-5.23237295979748,0.464881890868039,-0.0976933825819554,0.80973824022798,-0.109098762904751,0.568223059409632,bfd10e12dd7c4568b00d010000000000
-1.28307030660887,-4.87968208134389,0.491016923772171,-0.0381755010926075,0.824704426250454,-0.0833891165085675,0.55807839564631,b8651a1cdd7c4568210f010000000000
-1.25301411325119,-4.51145750254288,0.492783393972314,0.0252303905304652,0.835397807482171,-0.0645563412157333,0.545258112692054,e3a2411fdd7c4568e60f010000000000
-1.24797132924364,-4.11436185571437,0.484438116483564,0.0520796207153471,0.823706074338222,-0.023131273877731,0.564146222510844,40f7871edd7c45689410010000000000
-1.2540926841846,-3.70407124197721,0.49449588538636,0.0532104157133525,0.813778906033562,0.00769834063733761,0.578682364778695,2a493818dd7c45686e11010000000000
-1.25897377335237,-3.29613853529902,0.523018972014798,0.0510612812235954,0.82036338082055,0.0147066846226879,0.569368406566338,769a7d1bdd7c45684912010000000000
-1.26973855162749,-2.8961669879183,0.563360941298454,0.0458927103792543,0.832723847139208,0.0116165492915992,0.551661045681384,66e98b1add7c4568f712010000000000
-1.30112237469891,-2.5024668034037,0.584627620079068,0.0375781133585314,0.834371598759095,0.00886131095865546,0.549848522548437,a0523864dd7c4568a613010000000000
-1.35095136577191,-2.11491731577733,0.585133550704802,0.0299947797819788,0.821765615138691,0.00696252123881495,0.568993066969677,15c86667dd7c45686314010000000000
-1.40008356849071,-1.73709589095972,0.565121325684378,0.0238710315389473,0.813640944961822,0.00455072462979463,0.580859602176158,1b94fc66dd7c45680115010000000000
-1.44142682510705,-1.37029086600227,0.523041385477313,0.0200782529514971,0.811754128890914,0.00396235395177855,0.583640640923959,c2f46260dd7c45689d15010000000000
-1.47300852062726,-1.01568484908586,0.464904959730738,0.0167475635670616,0.815001675500737,0.00759551612836183,0.579166725719203,7b238963dd7c45684016010000000000
-1.50065298498755,-0.677179485098501,0.409479581257104,0.011463872480166,0.815370325423661,0.0156587023263148,0.578614394124211,7b7f7d6ddd7c45680017010000000000
-1.52326181483382,-0.362333050981997,0.383721924418825,0.0127220968915004,0.813358483534612,0.0140644188861175,0.581453624663529,fda39d6cdd7c45689c17010000000000
-1.53864240083657,-0.0675760339159101,0.363447749634896,0.0224190196793002,0.812790431168822,0.0124339842838302,0.581991837220978,e930196edd7c45687718010000000000
-1.54283797313207,0.213920965548975,0.325031313947522,0.0293607298050426,0.812204675491494,0.0174846248167158,0.582370844522707,31b9bd69dd7c45683b19010000000000
-1.53805579644953,0.479886878200624,0.29829813219505,0.0319640404232198,0.811000904177491,0.0225324091636834,0.583736348089096,a69ffd68dd7c4568031a010000000000
-1.52485431163086,0.727268991664915,0.29622191722597,0.0329246902040425,0.809057956654001,0.0252070613815962,0.586264267720902,4fe1116add7c4568f01a010000000000
-1.50086586005793,0.955775824841232,0.283242469664707,0.0309530998900773,0.811673690392228,0.0302459516530323,0.582505715286003,669f4b75dd7c4568861b010000000000
-1.47168690200417,1.1654025626597,0.245504169119131,0.0339229579622294,0.806960861684529,0.0379921894213425,0.588404617738022,38c0fa74dd7c4568fc1b010000000000
-1.43127382092568,1.35627512432739,0.193422209612546,0.0594240181558654,0.807168348915392,0.0456059581156522,0.585549433574797,25912976dd7c4568e81c010000000000
-1.38084045317878,1.53101494625337,0.134202721802849,0.0835195638151075,0.809757720145434,0.0583726173570847,0.577849076029274,7bb35d71dd7c4568d21d010000000000
-1.32812285957485,1.68931764470331,0.102542600965204,0.0930874007753862,0.811116371416292,0.0689216568791208,0.573301642288235,4970fa70dd7c4568ad1e010000000000
-1.27490972532572,1.83167451312603,0.10620146945591,0.0885559715977606,0.812555315135112,0.0842228394061614,0.569928252556775,3cd0ed73dd7c45682a1f010000000000
-1.22317494903069,1.94679157271312,0.136509928633832,0.0816135906602585,0.814660716922944,0.0927978932899606,0.566617762802297,244ad972dd7c4568ec1f010000000000
-1.179231311152,2.02981966308908,0.159290697810418,0.0768160023656796,0.811084750409086,0.0942907658967639,0.572145157194386,3f788d7ddd7c45683020010000000000
-1.1384628156992,2.0813043623839,0.159447862764645,0.0751416334943888,0.805703716569919,0.0899302891645381,0.580609851029068,bf2a8b7cdd7c4568ca20010000000000
-1.09351689922983,2.10133454492103,0.16235979513542,0.0788446562228783,0.803635465525513,0.0780428065544195,0.584690413021967,2c80e07fdd7c45681e21010000000000
-1.0380667504088,2.09620033485335,0.192052825934578,0.0812340458157792,0.808498939835604,0.073258832454057,0.578241850398752,e73b837edd7c45687721010000000000
-0.976275908405063,2.07860417955267,0.212485036428316,0.0947802220926526,0.814434924537559,0.0798277486662646,0.566868585949551,a6474d79dd7c4568dc21010000000000
-0.919848894711427,2.05138251361793,0.212410638055586,0.121703880672416,0.810386075842519,0.0630129760519584,0.569641938728982,07ec4c78dd7c45689d22010000000000
-0.86238915360963,2.03005309476174,0.203425770342501,0.120842893967346,0.802224814619281,0.0760271628457307,0.579700105482383,4b9fb87bdd7c45687b23010000000000
-0.796391930160538,2.00709948938671,0.194861936140924,0.115490284254904,0.789582270986344,0.0868801745357905,0.596383825115504,6069977add7c45683224010000000000
-0.714032347259832,1.9746265599197,0.19952295564612,0.120761038862573,0.792604472937485,0.0787719443618013,0.59244400727308,f43bb245dd7c45687b24010000000000
-0.614343080203787,1.93930665791984,0.194791782139463,0.131370537619156,0.798646205482301,0.0625300810817459,0.5839486358185,13846144dd7c45680525010000000000
-0.5026308530326,1.91736720275806,0.169821169875324,0.137923694502189,0.803170901339505,0.0529465233939905,0.577139691406546,a63b1347dd7c45685e25010000000000
-0.387185601253659,1.91896201400893,0.155298880436787,0.122302911101481,0.808416041478073,0.0762067487204386,0.570699599847841,6ba7cc47dd7c4568d225010000000000
-0.269176485882339,1.92266325851202,0.170599645761404,0.114427057607741,0.809517751992678,0.0884273266603472,0.569006208749658,29683e41dd7c45688526010000000000
-0.153357839768857,1.91830874901311,0.19462178426301,0.115776959237769,0.808449160200181,0.0902607661935917,0.569963722676649,9ea7d741dd7c4568ca26010000000000
-0.0409242859557902,1.90662075416142,0.193843449546227,0.119099271379323,0.808398906526446,0.089800199137012,0.569422949764684,9b809c40dd7c45681527010000000000
0.0672101991801999,1.88889122794865,0.168120229846889,0.121981172750516,0.809530003676174,0.0890757112859737,0.567315859377614,34275943dd7c45689027010000000000
0.170194303665609,1.86522614739902,0.149464556824212,0.124368322123374,0.812201656644124,0.0875955288454338,0.563194471495457,473b4842dd7c45687e28010000000000
0.268081785202385,1.83863836165385,0.148486704620416,0.128838228450263,0.813455114113193,0.0831734434637962,0.561046937889572,9b12474ddd7c45681c29010000000000
0.358658229163295,1.81578096367927,0.131035646898516,0.131370444488926,0.810881154348566,0.0810553444629933,0.56448524424568,2742714cdd7c45686929010000000000
0.442617858583524,1.79855634733613,0.117638484951624,0.130618974728483,0.807657265383617,0.0809966548886936,0.569269678632877,661b0b4fdd7c4568d529010000000000
0.525635084394115,1.78481376945964,0.133028596183618,0.124865785686781,0.808920867924646,0.0881976481686876,0.567694230953929,ec1ee54fdd7c45680b2a010000000000
0.604962699480751,1.76839813590671,0.142430529709225,0.126210574171418,0.816189082801497,0.08736342919093,0.557022354419438,81a1d94edd7c4568cd2a010000000000
0.671488467952782,1.7521958104536,0.132512147258752,0.127211798912896,0.821399958102543,0.0860641567423646,0.549283376747113,9e15ca49dd7c45685f2b010000000000
0.72026810383283,1.73958222442232,0.110800670027258,0.127282907934046,0.812334178399642,0.0855233841955185,0.562670413925753,bec3e748dd7c45689d2b010000000000
0.760671361031479,1.72742878739645,0.0795061326633821,0.125237343473586,0.804457049501171,0.0880588781660624,0.573942590581744,9ccca04bdd7c4568ee2b010000000000
0.803632019962515,1.7111230185,0.0499072573667021,0.124935207008422,0.802574878598078,0.0873497589861235,0.576744985152112,7a42a24add7c4568f42c010000000000
0.856777157459219,1.69011707696848,0.0366314734290693,0.131788545090862,0.819028321882489,0.0786191411873639,0.55285026722988,fd15b555dd7c4568a52d010000000000
0.900304505503719,1.67540354686306,0.0244642575822775,0.141151373840134,0.811831949405699,0.0656689016560743,0.56275462765087,7e17ec54dd7c45682f2f010000000000
0.940461372268063,1.67802792687595,0.00400600340351798,0.134694937884633,0.809319560174648,0.075487256976342,0.566710505691536,7dfd7056dd7c45685c30010000000000
0.979505282256837,1.68868288424132,-0.0219144684949405,0.123583129215403,0.811330586252171,0.0914709660603332,0.564006163399858,a4bb9751dd7c4568d830010000000000
1.0140927965576,1.69291385600896,-0.0535010562322475,0.121274622175222,0.815773962697827,0.0942247357262885,0.557608291704716,b16b2153dd7c45686f31010000000000
1.03717278834976,1.68917345953903,-0.0871117140966371,0.123191791846954,0.821418176781901,0.0910749157175023,0.549364470093293,ebbab252dd7c45680032010000000000
1.04317464473506,1.68057285518233,-0.112015160184122,0.128477114659225,0.807481683386072,0.0840602264066018,0.569561972344807,db93e55ddd7c45686432010000000000
1.04953833999425,1.66979816305408,-0.138895185131997,0.126628295120073,0.811699598599684,0.0862599522152074,0.563620667782797,58625a5fdd7c45682b33010000000000
1.05196403158977,1.65672780599901,-0.154902431613898,0.129823857518408,0.816562643644335,0.0815545273410101,0.55652499862432,b1d9c45edd7c45680034010000000000
1.04307138396637,1.64750711573961,-0.152176460150961,0.133734359345282,0.804621301358909,0.0733078369172313,0.573869012559939,3c0e6358dd7c45687034010000000000
1.03865433964521,1.64743488674421,-0.144006946788999,0.126083037261691,0.815602707102726,0.0816930734922133,0.558767870966977,5381f95bdd7c4568e334010000000000
1.02820608027743,1.64900946833785,-0.139566157332022,0.121980699343827,0.806854865155166,0.0866668090527426,0.571484732754642,939406a52283ba976c35010000000000
1.02043654978709,1.64704701699615,-0.163044598385556,0.1188207628602,0.791103791608785,0.0911191476283492,0.593071427528765,a480b7a42283ba971336010000000000
1.02949881790634,1.63557149220047,-0.227797008285402,0.120360994670886,0.810823048107617,0.0888942411508001,0.565841876772594,301da0a62283ba97db37010000000000
1.02841896660466,1.61639631712011,-0.271456811704036,0.13342319107117,0.822173262551377,0.0647974433250721,0.549573170531955,3cfcf5a12283ba974538010000000000
1.01406984390435,1.60296109332986,-0.279709294508859,0.129372799715761,0.819304117571874,0.0779337224916898,0.553109190415479,6793aba32283ba976738010000000000
1.01238142806942,1.60026790906618,-0.281050288637135,0.120398919505559,0.824054034759584,0.0831508066999908,0.547288764112223,aaafaead2283ba97d238010000000000
1.01217474060134,1.6003272066853,-0.281240226609728,0.119818371267329,0.823940710373904,0.0838304952585068,0.547483069838789,dea5bcac2283ba976739010000000000
1.01228971672532,1.60031649551261,-0.281419583304772,0.11993550248023,0.823933135196698,0.0836876065582656,0.547490683462562,7290d3af2283ba974a3a010000000000
1.01241363521401,1.59992845281304,-0.281244503782557,0.120828541744739,0.82396723075355,0.0826361012557593,0.547402722785898,f7278eae2283ba97653a010000000000
1.01232248005752,1.60025730530788,-0.281191512492342,0.120367006802345,0.824074504767581,0.0830424839848296,0.547281408526855,f67afca92283ba97b13a010000000000
1.01227264348987,1.60025589485804,-0.281132657593877,0.120308037185169,0.824179842164048,0.0830160840735928,0.547139738772631,eb0586a82283ba97003b010000000000
1.01244422376615,1.60024925669554,-0.281000760618877,0.12049413531481,0.824238227975924,0.0826301425190194,0.547069251964622,f8e8a2aa2283ba97e73b010000000000
1.01246167833504,1.60028972923203,-0.280939720545228,0.12044867751556,0.824317934020186,0.0826082675123939,0.546962461121461,137c50b52283ba97703c010000000000
1.01257167981205,1.60024400059824,-0.280925697748537,0.120409274421137,0.824376115387793,0.0825943928753736,0.546885539466035,ac121fb72283ba977d3d010000000000
1.01252760864051,1.60028720303159,-0.280776737583616,0.120529363886621,0.824398495518401,0.0824117195388518,0.546852906649249,ac2b65b62283ba97a43e010000000000
1.01226133534887,1.60051599999229,-0.280957892449171,0.12058570419367,0.824446183706993,0.0822492408065509,0.546793050890223,a94349b12283ba974240010000000000
1.01201911847512,1.60058821006664,-0.281384961105398,0.120566961596401,0.824546986653178,0.0821595343930221,0.546658655360819,ea5148b02283ba977540010000000000
